text,year,month,day,hour,minute,week_num,num_of_day,num_of_week
 @jirolian  銀杏仄かに薫る仙台店前 ざっと40人の並び 12:15 ,2017,10,28,12,16,6,301,43
 @jirolian 1353 仙台 交差点あたりまで 並んでます ,2017,10,27,13,53,5,300,43
 ラーメン二郎 仙台店 只今の並びは青い髪のあの方も含め約50人！12:17 @jirolian pic.twitter.com/fI2xq7lJSF ,2017,10,27,12,17,5,300,43
 ラーメン二郎仙台店 晴 45人位 11:43  @jirolian ,2017,10,27,11,43,5,300,43
 @jirolian ラーメン二郎 仙台店  不動産屋入口まで  １８：３３ ,2017,10,26,18,33,4,299,43
 @jirolian 仙台店 1250 外側37 ,2017,10,24,12,53,2,297,43
 @jirolian 仙台 1111 20人待ち 快晴 ,2017,10,24,11,11,2,297,43
 @jirolian 仙台店 19:30　駐車場超えも傘をさしてるため列はゆったり 約20人 定刻まで営業してます ,2017,10,22,19,32,0,295,43
 @jirolian 仙台 開店待ち4 1045 ,2017,10,22,10,44,0,295,43
 @jirolian 仙台店、18:38現在、40人くらい。店長います。団体客多いです。 ,2017,10,21,18,38,6,294,42
 @jirolian 仙台 1112 雨の中8人待ち ,2017,10,20,11,12,5,293,42
 @jirolian ラーメン二郎 仙台店 横断歩道まで えらく混んでます １８：５０ ,2017,10,18,18,50,3,291,42
 ラーメン二郎仙台店 曇 並び12人 11:12  @jirolian ,2017,10,18,11,12,3,291,42
 @jirolian 1910 仙台 50人 ,2017,10,17,19,20,2,290,42
 @jirolian 1312 仙台 15人ほどです ,2017,10,17,13,13,2,290,42
 ラーメン二郎 仙台店 只今の並びは65人！日曜日の仙台店は19時30分までの営業です。ご来店予定の方はお早めにお願いします。17:47   @jirolian pic.twitter.com/ZzfRmhhIUt ,2017,10,15,17,47,0,288,42
 @jirolian ラーメン二郎仙台店 現在 不動産屋入口まで  １９：０７ ,2017,10,14,19,7,6,287,41
" @jirolian 開店前並び30人超 (@ ラーメン二郎 仙台店 - @jiro_sendai1023 in 仙台市, 宮城県) https://www.swarmapp.com/c/9pa2BA7KRv6 pic.twitter.com/nXWujknLs7 ",2017,10,14,11,26,6,287,41
 ラーメン二郎仙台店 曇 並び35人 11:48  @jirolian ,2017,10,13,11,48,5,286,41
 @jirolian ラーメン二郎仙台店 現在マンション入口 まで１８：３０ ,2017,10,12,18,30,4,285,41
 @jirolian 仙台店1946小雨模様不動産屋越えてます pic.twitter.com/PdC3nqTnWR ,2017,10,11,19,48,3,284,41
 仙台二郎どんな感じですか？ ,2017,10,10,13,29,2,283,41
 ラーメン二郎 仙台店 只今の並びは52人！日曜日の仙台店は19時30分までの営業です。ご来店予定の方はお早めにお願いします。18:39  @jirolian pic.twitter.com/pRtMAVyvTc ,2017,10,8,18,39,0,281,41
 @jirolian 仙台店 並び信号手前まで 11:22 ,2017,10,7,11,22,6,280,40
 ラーメン二郎仙台店 雨 並び23人 11:07  @jirolian ,2017,10,7,11,7,6,280,40
 @jirolian  肌寒いと何故か空いてる仙台店 ,2017,10,6,15,6,5,279,40
 @jirolian 仙台二郎 13:45 奇跡の待ち無し ,2017,10,6,13,46,5,279,40
 @jirolian 仙台店13:42並び5人 仙台店は平日昼ピーク過ぎは狙い目ですね pic.twitter.com/EWZM6gbLCS ,2017,10,6,13,43,5,279,40
 @jirolian 13時19分 ラーメン二郎仙台店 並び9人です。 pic.twitter.com/MDskwFWkNU ,2017,10,6,13,19,5,279,40
 ラーメン二郎 仙台店 只今の並びは8人！今日は並び少ないです。12:50  @jirolian pic.twitter.com/KsPp4q7RI7 ,2017,10,5,12,50,4,278,40
 @jirolian 仙台店、18:47時点で12人。プラス鍋の人。 ,2017,10,3,18,47,2,276,40
 ラーメン二郎仙台店 曇 並び2人 13:58  @jirolian ,2017,10,3,13,58,2,276,40
 @jirolian 仙台 開店前15人程(11:05) ,2017,10,3,11,5,2,276,40
 @jirolian 仙台店 1851 外待ち57名 明日、マラソン大会があり、全国からの集団との事です ,2017,9,30,18,51,6,273,39
 @jirolian 仙台店  1830 外待ち100名以上o(^_^)o pic.twitter.com/un3NUi2lAf ,2017,9,30,18,33,6,273,39
 @jirolian 仙台　外40人　1337 ,2017,9,30,13,37,6,273,39
 @jirolian 仙台点1100約20人 ,2017,9,30,10,59,6,273,39
 ラーメン二郎仙台店 晴 並び26人 12:49  @jirolian ,2017,9,29,12,49,5,272,39
 @jirolian 仙台店 ただいま待ちなし 天候小雨 つけ麺は終了 ,2017,9,28,13,26,4,271,39
 ラーメン二郎 仙台店 只今の並びはヅラの大先輩 黒糖さん含め約20人！18:07  @jirolian pic.twitter.com/YLfyRvSVCL ,2017,9,27,18,7,3,270,39
 ラーメン二郎 仙台店 只今の並びは35人！12:41 @jirolian pic.twitter.com/zTMN5WRcOl ,2017,9,24,12,41,0,267,39
 ラーメン二郎仙台 晴時々曇 並び4人 11:03  @jirolian ,2017,9,22,11,3,5,265,38
 ラーメン二郎 仙台店 只今の並びは20人！12:13 @jirolian pic.twitter.com/iVDPpY6ZgF ,2017,9,20,12,13,3,263,38
 @jirolian ラーメン二郎仙台店 外18人待ち 1319 ,2017,9,19,13,19,2,262,38
 ラーメン二郎仙台店 晴 並び18人 12:41  @jirolian ,2017,9,19,12,41,2,262,38
 @jirolian 仙台店 1137に昼の部開店、開店待ちは２５くらい 待っている間の陽射しがきついですね… ,2017,9,19,11,39,2,262,38
 ラーメン二郎 仙台店 只今の並びは53人！12:36 @jirolian pic.twitter.com/pa5QZIc3tA ,2017,9,16,12,37,6,259,37
 @jirolian 仙台 二郎 25人くらい人 1730 小豚しょうがニンニク少しアブラ pic.twitter.com/jNdOOHGeXF ,2017,9,15,17,30,5,258,37
 @jirolian 仙台 二郎 開店待ち 11人 1645 pic.twitter.com/BZqEweTPg9 ,2017,9,15,16,45,5,258,37
 ラーメン二郎仙台店 曇 並び16人 14:07  @jirolian ,2017,9,15,14,7,5,258,37
 @jirolian 仙台 1102 開店前11名程 pic.twitter.com/j9U9wmZd9U ,2017,9,15,11,2,5,258,37
 @jirolian 仙台店 14:10 10人の並び pic.twitter.com/RyGDXDaa45 ,2017,9,14,14,12,4,257,37
 ラーメン二郎 仙台店 只今の並びは23人！13:57  @jirolian pic.twitter.com/OZDPOvTQIZ ,2017,9,12,13,58,2,255,37
 ラーメン二郎 仙台店 只今の並びは見事に男ばかり23人！13:27   @jirolian pic.twitter.com/T7qOmx7K4F ,2017,9,9,13,27,6,252,36
 ラーメン二郎仙台店 晴時々曇 並び22人 12:03  @jirolian ,2017,9,8,12,4,5,251,36
 @jirolian 仙台店、18:37時点で7人です。雨です。 ,2017,9,7,18,37,4,250,36
 ラーメン二郎 仙台店 雨の中只今の並びは10人！13:24 @jirolian pic.twitter.com/beCyrUyevx ,2017,9,7,13,24,4,250,36
 @jirolian 仙台店 開店前15人ほど 東京へ戻るバスの車内よりチラ見。 ,2017,9,7,11,28,4,250,36
 @jirolian 仙台二郎 30名ほど 新人助手？の不慣れなオペに原田氏イライラ ,2017,9,6,17,49,3,249,36
 @jirolian 仙台店、17:45時点で9人です。 ,2017,9,5,17,47,2,248,36
 @jirolian 仙台 待ち26人 #仙台 ,2017,9,5,13,1,2,248,36
 @jirolian 仙台二郎 1640 並び10人 ,2017,9,2,16,41,6,245,35
 ラーメン二郎 仙台店 只今の並びは13人！>_< 10:46  @jirolian pic.twitter.com/XWI3f9hmx0 ,2017,9,2,10,46,6,245,35
 ラーメン二郎仙台店 晴 並び31人 13:54  @jirolian ,2017,9,1,13,54,5,244,35
 ラーメン二郎 仙台店 只今の並びは13人！17:40 @jirolian pic.twitter.com/gQFLLDdTvV ,2017,8,30,17,40,3,242,35
 @jirolian 仙台　開店待ち　15人ぐらい　1120 小雨 ,2017,8,30,11,20,3,242,35
 @jirolian 　仙台　開店待ち　並び15人ぐらい　1651 　そんなに暑くない ,2017,8,29,16,51,2,241,35
 ラーメン二郎仙台店 晴 並び16人 13:10  @jirolian ,2017,8,29,13,10,2,241,35
 @jirolian 仙台店 開店前11:15 15人 ,2017,8,29,11,14,2,241,35
 ラーメン二郎 仙台店 只今の並びは7人！この時間は並び少ないです！15:50  @jirolian pic.twitter.com/c1Eqi8mdFx ,2017,8,27,15,50,0,239,35
 @jirolian 仙台五十人超え 1235現在 ,2017,8,27,12,35,0,239,35
 @jirolian 仙台二郎20分遅れで開門 ,2017,8,27,11,52,0,239,35
 @jirolian   11:30 仙台二郎 三十人越え、交差点の角曲がった先まで  なお給湯器故障でスタート遅れるとの告知 ,2017,8,27,11,35,0,239,35
 仙台店、午前10時40分現在で並び２人。@jirolian ,2017,8,25,10,40,5,237,34
 ラーメン二郎 仙台店 やや強めの雨の中、只今の並びは15人！13:35 @jirolian pic.twitter.com/fTU43glkcf ,2017,8,24,13,35,4,236,34
 @jirolian 18:19 仙台 約30人待ち(不動産屋の手前まで) ,2017,8,23,18,19,3,235,34
 @jirolian 11:39 仙台 開店直後初回入店分以降約30人待ち つけ麺あり ,2017,8,23,11,39,3,235,34
 ラーメン二郎仙台店 晴 並び16人 11:00  @jirolian ,2017,8,23,11,0,3,235,34
" 開店前8人待ち 1045 @jirolian (@ ラーメン二郎 仙台店 - @jiro_sendai1023 in 仙台市, 宮城県) https://www.swarmapp.com/c/fuJN7cweu4M  ",2017,8,22,10,45,2,234,34
 @jirolian 仙台店、14:24時点で30人くらいです。不動産屋さん入口辺りです。 ,2017,8,19,14,24,6,231,33
 @jirolian 仙台店、どのような混み具合か御存知の方いらっしゃいますか？ ,2017,8,19,13,19,6,231,33
 @jirolian 仙台交差点まで ,2017,8,19,12,15,6,231,33
 @jirolian 仙台 1155 給湯器故障でまだ開店してません… ,2017,8,18,11,57,5,230,33
 ラーメン二郎 仙台店只今の並びは56人！11:49 @jirolian pic.twitter.com/06v9wQ40pv ,2017,8,18,11,49,5,230,33
 @jirolian 仙台 開店待ち2 1030 #ラーメン二郎 #二郎行列チェッカー ,2017,8,18,10,29,5,230,33
 @jirolian 仙台1111開店前30人待ち ,2017,8,17,11,11,4,229,33
 えぇー！？ もしや、仙台店Tシャツ着てた方でしょうか？ ,2017,8,16,15,18,3,228,33
 @jirolian 仙台二郎 ご存知の通り16日までお休みです。ウィットに富み、かつ知らずに来たお客さんに代案を提案する貼り紙、素敵です(*´ω｀*)。 pic.twitter.com/kxmKlux9no ,2017,8,15,20,12,2,227,33
 ラーメン二郎 仙台店 本日の営業は終了しました。(営業終了後の麺豚販売の並びは22人です)17:25 @jirolian pic.twitter.com/uxxTdiJ9zA ,2017,8,6,17,25,0,218,32
 @jirolian ラーメン二郎仙台店　 お盆前の最終営業日 16:55　並び45人横断歩道前 別な列の麺と豚の販売の列も30人程 ,2017,8,6,16,56,0,218,32
 @jirolian  ラーメン二郎仙台店 14:42 信号機越え65人待ち  本日の営業は17:00まで、その後に豚麺販売です。タッパをご持参でいらして下さい。 pic.twitter.com/vWKeAGZWxj ,2017,8,6,14,42,0,218,32
 @jirolian 仙台店、12:00、外待ち70人以上 信じられない行列です！！！ #ラーメン二郎 ,2017,8,6,12,3,0,218,32
 ラーメン二郎仙台店 曇(雨?) 並び50人 12:09   @jirolian ,2017,8,4,12,9,5,216,31
 ラーメン二郎 仙台店 只今の並びは大御所Tさん含め35人！18:50   @jirolian pic.twitter.com/6IdM6jfUYX ,2017,8,3,18,51,4,215,31
 @jirolian 仙台店 1928不動産越え交差点 ,2017,8,2,19,27,3,214,31
 @jirolian 仙台店16人待ち ,2017,8,2,13,39,3,214,31
 ラーメン二郎 仙台店 只今の並びは40人！13:15 @jirolian pic.twitter.com/HAURRKtxls ,2017,8,1,13,15,2,213,31
 ラーメン二郎 仙台店 只今の並びは35人！仙台店 日曜日の営業は19時30分までです。ご来店予定の方はお早めにお願いします。17:40  @jirolian pic.twitter.com/mQWU20GoLt ,2017,7,30,17,40,0,211,31
 @jirolian  ラーメン二郎 仙台店 14:38 17人待ち 日曜日は通し営業で19:30までの営業です。 pic.twitter.com/eJyyDwCCZ9 ,2017,7,30,14,39,0,211,31
 @jirolian #ラーメン二郎 #二郎行列チェッカー 仙台店 4人 待ち 12:27  1人席がたくさんあるので1人だと優先的に入れる ,2017,7,29,12,28,6,210,30
 ラーメン二郎 仙台店 只今の並びは18人！仙台店昼の部は14時30分までです。間も無く昼の部終了です。ご来店予定の方はお早めにお願いします。14:26  @jirolian pic.twitter.com/awgvdcbxKU ,2017,7,28,14,26,5,209,30
 @jirolian 仙台店 並び12人 1846 pic.twitter.com/TKFnFeClWR ,2017,7,27,18,47,4,208,30
 @jirolian 仙台店 並び激しめ 不動産屋越え ,2017,7,26,19,25,3,207,30
 @jirolian 仙台店 11:46 外に17人の並び  つけ麺やってます ,2017,7,26,11,47,3,207,30
 @jirolian 仙台店　19:17　待ち19人 店主麺上げ　天候曇り つけ麺、汁なしはないもよう ,2017,7,25,19,18,2,206,30
 ラーメン二郎 仙台店只今の並びは19人！12:36 @jirolian pic.twitter.com/n9mKaJHyzw ,2017,7,25,12,36,2,206,30
 @jirolian ラーメン二郎仙台店、開店時約30人待ち。つけ麺は平日しかやらないのかな？本日昼はつけ麺なし。 ,2017,7,22,11,27,6,203,29
 @jirolian ラーメン二郎仙台店、開店1時間30分前5人待ち。 ,2017,7,22,10,7,6,203,29
 ラーメン二郎仙台店 晴 並び10人 13:58  @jirolian ,2017,7,21,13,58,5,202,29
 ラーメン二郎仙台店 曇 並び14人 12:56  @jirolian ,2017,7,18,12,56,2,199,29
 @jirolian 仙台店 12:10  JK含む12人の並び つけ麺やってます つけ麺やってます  大事な事なんで二度w ,2017,7,18,12,13,2,199,29
 @jirolian 1230 仙台 26人待ち ,2017,7,15,12,29,6,196,28
 ラーメン二郎仙台店 晴 並び5人 14:24  @jirolian ,2017,7,13,14,25,4,194,28
 @jirolian 仙台店、19:41現在、21人です。つけ麺は昼だけだそうです。店長いました。 ,2017,7,12,19,42,3,193,28
 @jirolian   ラーメン二郎 仙台店  12:41 16人待ち  今日もつけ麺有ります  繰り返します。  つけ麺有ります pic.twitter.com/AE2wYIYibd ,2017,7,12,12,41,3,193,28
 ラーメン二郎 仙台店 只今の並びは8人！本日つけ麺あります！12:57  @jirolian pic.twitter.com/ZjIPF6yuL0 ,2017,7,11,12,57,2,192,28
 @jirolian 仙台二郎開店待ちならび20くらい。1115 ,2017,7,11,11,17,2,192,28
 ラーメン二郎 仙台店 只今の並びはピッタリ30人！18:16 @jirolian pic.twitter.com/2WGvykoKeD ,2017,7,9,18,16,0,190,28
 @jirolian 仙台店、外25人待ちです ,2017,7,9,18,5,0,190,28
 ラーメン二郎 仙台店 只今の並びはあの方も含め10人！本日汁なし有ます！12:54 @jirolian pic.twitter.com/oNh5OaLcBe ,2017,7,6,12,54,4,187,27
 @jirolian 仙台店並びどうですか ,2017,7,5,18,11,3,186,27
 @jirolian 仙台店、18:45現在、19人待ち。 ,2017,7,4,18,46,2,185,27
 @jirolian 仙台店 1730 待ち５、汁なしありとのこと 雲が厚いものの、いまは雨は上がっています ,2017,7,4,17,30,2,185,27
 @jirolian  ラーメン二郎仙台店 天候雨　並び12人チャンス ,2017,7,4,12,10,2,185,27
 @jirolian 仙台2143 麺豚購入列8人 ,2017,7,1,21,43,6,182,26
 @jirolian 仙台 19:04  約３０人待ち ,2017,6,30,19,4,5,181,26
 .@jirolian 仙台12:43曇り 並び20人 ,2017,6,30,12,43,5,181,26
 .@jirolian 仙台20:58曇り 並び19人 ,2017,6,29,20,59,4,180,26
 @jirolian   ラーメン二郎 仙台店  今日は汁なし有ります。  13:38 12人待ち pic.twitter.com/7BAhT71QEM ,2017,6,29,13,38,4,180,26
 @jirolian 仙台店 13:00 ざっと２０人の並び 日差しありますが気持ち良い風もふいてます ,2017,6,29,13,0,4,180,26
 ラーメン二郎 仙台店 開店49分前 只今の並びは4人！10:41  @jirolian pic.twitter.com/ZTBOOe7WOp ,2017,6,29,10,41,4,180,26
 @jirolian 仙台店　 公式閉店時刻21:00　18人待ち ,2017,6,27,21,7,2,178,26
 ラーメン二郎 仙台店 只今の並びは25人！12:21  @jirolian pic.twitter.com/7CCDNQbn5m ,2017,6,27,12,21,2,178,26
 ラーメン二郎 仙台店 只今の並びは25人！17:40 @jirolian pic.twitter.com/URZdEHn45X ,2017,6,24,17,40,6,175,25
 ラーメン二郎仙台店 雨 並び16人 12:09  @jirolian ,2017,6,21,12,9,3,172,25
 ラーメン二郎 仙台店 只今の並びはあの方とあの方含め14人！10:47  @jirolian pic.twitter.com/usc898wyQ7 ,2017,6,21,10,47,3,172,25
 @jirolian 仙台店、19:56時点で37人です。 ,2017,6,16,19,57,5,167,24
 ラーメン二郎仙台店 晴 並び28人位 汁なし有り13:19 @jirolian ,2017,6,16,13,19,5,167,24
 @jirolian 仙台店40人オーバー　小雨　不動産屋前まで pic.twitter.com/qDhGM8MZ2w ,2017,6,15,18,42,4,166,24
 @jirolian 18:13仙台店　並び32人　団体多数なるも汁なしやってます ,2017,6,15,18,13,4,166,24
 ラーメン二郎 仙台店 只今の並びは21人！本日「汁なし」やっていません！>_< 13:20 @jirolian pic.twitter.com/PgUxwrB97D ,2017,6,15,13,20,4,166,24
 @jirolian 仙台店、20:07時点で50人です。不動産屋さんのところです。 店長います。先程時間間違えました、ごめんなさい。 ,2017,6,14,20,8,3,165,24
 ラーメン二郎仙台店 晴時々曇 並び16人 11:07  @jirolian ,2017,6,14,11,7,3,165,24
 @jirolian 仙台店 汁なしあり！ ,2017,6,13,16,51,2,164,24
 ラーメン二郎 仙台店 只今の並びは約20にん！13:07 @jirolian pic.twitter.com/ayAQNUNH5B ,2017,6,13,13,7,2,164,24
 @jirolian 仙台店 訂正です 汁なしありました ,2017,6,13,12,10,2,164,24
 @jirolian 仙台店 約５０人 13:05 ,2017,6,11,13,9,0,162,24
 ラーメン二郎仙台店 薄曇 並び18人 17:14  @jirolian ,2017,6,9,17,14,5,160,23
 ラーメン二郎 仙台店 只今の並びは17人！本日汁なし有ります！12:12  @jirolian pic.twitter.com/dfpIuxFSHH ,2017,6,8,12,12,4,159,23
 @jirolian   ラーメン二郎 仙台店  11:48 12人待ち  本日、汁なし有ります pic.twitter.com/wjIddY22rE ,2017,6,8,11,49,4,159,23
 ラーメン二郎 仙台店 只今の並びは鬼首店主さん含め約30人！日曜日の仙台店は19時30分までの営業です。ご来店予定の方はお早めにお願いします。17:57  @jirolian pic.twitter.com/Ph0rB1jBfg ,2017,6,4,17,57,0,155,23
 ラーメン二郎仙台店 曇 並び11人 13:06  @jirolian ,2017,6,2,13,6,5,153,22
 ラーメン二郎 仙台店 開店15分前 只今の並びは28人！11:15 @jirolian pic.twitter.com/55A6ONXp9o ,2017,6,1,11,15,4,152,22
 ラーメン二郎仙台店 晴 暑い 並び12人 14:14 @jirolian ,2017,5,30,14,14,2,150,22
 @jirolian 仙台二郎 信号まで並んでます 大人数でくるやつ多すぎ pic.twitter.com/luAmhAa5sV ,2017,5,28,12,11,0,148,22
 ラーメン二郎 仙台店 開店30分前 只今の並びは33人！11:04  @jirolian pic.twitter.com/qSIXVohEoT ,2017,5,28,11,4,0,148,22
" @jirolian 仙台17人待ち 10:13 (@ ラーメン二郎 仙台店 - @jiro_sendai1023 in 仙台市, 宮城県) https://www.swarmapp.com/c/bhrUCKGKLzW  ",2017,5,28,10,14,0,148,22
 ラーメン二郎仙台店 曇 並び22人 13:43  @jirolian ,2017,5,26,13,43,5,146,21
 ラーメン二郎 仙台店 只今の並びは4人！本日も「汁なし」やってます！12:06  @jirolian pic.twitter.com/ARzyGkZKAV ,2017,5,25,12,6,4,145,21
 @jirolian   ラーメン二郎 仙台店  11:13 まさかのPPで30秒後にもう1人並び  今日は汁なしが有るか期待して来ました！ pic.twitter.com/J7qMM4D7wt ,2017,5,25,11,16,4,145,21
 ラーメン二郎仙台店 汁なし有ります！  @jirolian ,2017,5,24,12,14,3,144,21
 ラーメン二郎仙台店 雨 並び18人 12:04 @jirolian ,2017,5,24,12,4,3,144,21
 ラーメン二郎 仙台店 只今の並びは約35人！18:17 @jirolian pic.twitter.com/WnpN7oMR8x ,2017,5,21,18,17,0,141,21
 @jirolian   ラーメン二郎 仙台店  13:52 19人待ち pic.twitter.com/oWr5IHxqmP ,2017,5,21,13,52,0,141,21
 @jirolian 仙台、人数は定かではありませんが、列が不動産屋の角まで到達 ,2017,5,21,11,12,0,141,21
 @jirolian 仙台 開店前10:27  11人待ち ,2017,5,21,10,27,0,141,21
 @jirolian   ラーメン二郎 仙台店  20:10 信号機まで約40人待ち pic.twitter.com/oKLloQI4U8 ,2017,5,19,20,11,5,139,20
 @jirolian 仙台 二郎 15人くらい 1806 大キムチ生姜ニンニク少しアブラ pic.twitter.com/4DIFlVjNbY ,2017,5,18,18,6,4,138,20
 @jirolian 仙台 二郎 20人くらい 1736 pic.twitter.com/vypScNZqZp ,2017,5,18,17,36,4,138,20
 ラーメン二郎仙台店 晴天 並び10人 12:59  @jirolian ,2017,5,18,12,59,4,138,20
 @jirolian 仙台 二郎 4人くらい 1726 小ニンニク少しアブラ pic.twitter.com/6TAOnje3ks ,2017,5,17,17,26,3,137,20
 @jirolian 仙台 二郎 開店待ち 10人 1655 pic.twitter.com/U7ThanManp ,2017,5,17,16,55,3,137,20
 @jirolian   ラーメン二郎 小岩店  13:55 16人待ち  仙台店主に東京のオススメの二郎はと聞いたら一言「小岩」  その言葉、前にも聞きましたけど‼︎ pic.twitter.com/X38lxlKm5J ,2017,5,17,13,55,3,137,20
 ラーメン二郎 仙台店 只今の並びは24人！12:04 @jirolian pic.twitter.com/Vns2z9k0xw ,2017,5,17,12,4,3,137,20
 @jirolian  ラーメン二郎 仙台店  21:07  16人待ち pic.twitter.com/9sCmqyZFGV ,2017,5,16,21,7,2,136,20
 @jirolian 仙台  開店前10:51  8人待ち ,2017,5,13,10,51,6,133,19
 ラーメン二郎 仙台店 開店17分前 只今の並びは15人 11:13 @jirolian pic.twitter.com/DU0pT0u79s ,2017,5,12,11,13,5,132,19
 ラーメン二郎仙台店 曇 並び無し 13:23  @jirolian ,2017,5,10,13,23,3,130,19
 @jirolian 仙台店、開店5分前、14人 ,2017,5,10,11,24,3,130,19
 @jirolian 仙台店 並び18:10　41人 ,2017,5,7,18,12,0,127,19
 ラーメン二郎 仙台店 只今の並びは35人！日曜日の仙台店は19時30分までの営業です。ご来店予定の方はお早めにお願いします。17:51 @jirolian pic.twitter.com/Ekqn8TKvwQ ,2017,5,7,17,51,0,127,19
 @jirolian ラーメン二郎仙台店　 日曜日通し営業17:15並び22人 仙台店は食券先買いです ,2017,5,7,17,16,0,127,19
 @jirolian 仙台店、14:15時点で、28人マンションのところです。 ,2017,5,7,14,18,0,127,19
 @jirolian 仙台二郎。1315接続。20人待ち。思ったより少ない ,2017,5,7,13,32,0,127,19
 @jirolian 仙台 開店前 約50人待ち 1125 ,2017,5,6,11,27,6,126,18
 @jirolian 仙台店　19:58 並び21人 pic.twitter.com/uI2qWxGP4z ,2017,5,5,19,59,5,125,18
 @jirolian 仙台二郎 17:48 44人待ち(号泣 ,2017,5,4,17,48,4,124,18
 @jirolian 仙台二郎 50人ちょい待ち(吐血 ,2017,5,4,13,56,4,124,18
 @jirolian 仙台店  只今の待ちは５０人オーバーしております ,2017,5,4,12,22,4,124,18
 @jirolian 仙台店 ざっくりと数えて只今の待ちは ５０人以上はいると思います… ,2017,5,3,12,8,3,123,18
 仙台店 外14人 14:23 @jirolian ,2017,5,2,14,23,2,122,18
 ラーメン二郎仙台店 晴 並び43人 13:07  @jirolian ,2017,5,2,13,7,2,122,18
 ラーメン二郎 仙台店 只今の並びは約15人！並び少ないです！17:34 @jirolian pic.twitter.com/kZBkh80rIh ,2017,4,30,17,35,0,120,18
 @jirolian 仙台 開店待ち8人 1030 まだ1時間あるというのに ,2017,4,30,10,37,0,120,18
 @jirolian 仙台  開店前10:00   4人待ち ,2017,4,30,10,0,0,120,18
 ラーメン二郎 仙台店 只今の並びは52人です。>_< 仙台店の昼営業は14時30分までです。  夜の部は17時〜21時までの営業です。 14:16   @jirolian pic.twitter.com/H7UsYBNBOo ,2017,4,29,14,16,6,119,17
 @jirolian   ゴールデンウィーク初日のラーメン二郎 仙台店  13:13 交差点まで約40人待ち pic.twitter.com/CQMfnPzOCI ,2017,4,29,13,14,6,119,17
 @jirolian 仙台 外35〜40人 pic.twitter.com/yi8aoAIWfT ,2017,4,27,19,51,4,117,17
 @jirolian 17:10 仙台 待ちなし、店内も空席あり ,2017,4,27,17,11,4,117,17
 ラーメン二郎 仙台店 只今の並びは約50人！18:54  @jirolian pic.twitter.com/TGmIHIc9v0 ,2017,4,26,18,54,3,116,17
 ラーメン二郎仙台店 晴?曇? 並び 13人 13:22  @jirolian ,2017,4,26,13,23,3,116,17
 @jirolian  ラーメン二郎 仙台店  11:18  開店待ち17人 pic.twitter.com/XXteZMe2wE ,2017,4,26,11,18,3,116,17
 @jirolian 仙台待ち30 ,2017,4,25,19,35,2,115,17
 @jirolian 15:55 仙台店 約35人待ち ,2017,4,23,15,55,0,113,17
 @jirolian 仙台店11時半 約50人並んでます ,2017,4,23,11,32,0,113,17
 昼の部も70人くらい並んでました！ 仙台店は本当に人気店ですね♪あれだけ美味しい二郎があるのは羨ましいです>< ,2017,4,22,19,52,6,112,16
 ラーメン二郎 仙台店 只今の並びは約50人！19:41 @jirolian pic.twitter.com/PV3QzPr0Et ,2017,4,22,19,41,6,112,16
 @jirolian 仙台店、列最後尾信号あたり 30分前に通りかかったときと混み具合は変化なし ,2017,4,22,19,37,6,112,16
 @jirolian 仙台店 開店前 16:55 30人待ち ,2017,4,22,16,58,6,112,16
 @jirolian 仙台店16人位です〜18時 ,2017,4,21,18,1,5,111,16
 @jirolian 仙台 18:04  11人待ち ,2017,4,20,18,5,4,110,16
 ラーメン二郎 仙台店 只今の並びは4人！メッチャ少ない並びです！13:41  @jirolian pic.twitter.com/Xjjh89nQIH ,2017,4,20,13,41,4,110,16
 ラーメン二郎仙台店 曇 並び14人 13:27  @jirolian ,2017,4,20,13,28,4,110,16
 @jirolian 二郎仙台店並び5人。13:05 ,2017,4,19,13,5,3,109,16
 ラーメン二郎 仙台店 只今の並びは12人！17:25  @jirolian pic.twitter.com/tpbJVOJCp7 ,2017,4,14,17,25,5,104,15
 @jirolian 仙台店、19:25現在で13人です。 ,2017,4,13,19,26,4,103,15
 @jirolian 仙台店 12:20 並び 9人 お近くの皆様 今チャンスです ,2017,4,13,12,20,4,103,15
 ラーメン二郎仙台店 曇 並び 11人 13:22  @jirolian ,2017,4,12,13,22,3,102,15
 ラーメン二郎 仙台店 只今の並びは約40人！日曜日の仙台店は19時30分までの営業です。ご来店予定の方はお早めにお願いします。18:44 @jirolian pic.twitter.com/3SZP8eSD4C ,2017,4,9,18,44,0,99,15
 @jirolian ラーメン二郎仙台店 公式閉店時刻 不動産屋まで 約30人か pic.twitter.com/WGVwyK6kUw ,2017,4,8,21,2,6,98,14
 ラーメン二郎仙台店 曇 並びは6人 11:57  @jirolian ,2017,4,7,11,57,5,97,14
 ラーメン二郎 仙台店 只今の並びは16人！空いてます！13:07 @jirolian pic.twitter.com/F6L3NkWeYV ,2017,4,6,13,7,4,96,14
 ラーメン二郎仙台店 晴 並び10人 13:42  @jirolian ,2017,4,5,13,42,3,95,14
 ラーメン二郎 仙台店 開店1分前 只今の並びは25人！並びは少ないです！ 11:29 @jirolian pic.twitter.com/JznM6Whrfc ,2017,4,5,11,29,3,95,14
 ラーメン二郎仙台店 曇 並び15人 13:42  @jirolian ,2017,3,31,13,42,5,90,13
 ラーメン二郎 仙台店 只今の並びは約25人！12:22  @jirolian pic.twitter.com/ZDlmnfYMqv ,2017,3,30,12,22,4,89,13
 @jirolian 仙台店、19:59時点で39人です。 ,2017,3,29,20,0,3,88,13
 @jirolian   ラーメン二郎 仙台店  19:34 約32人待ち pic.twitter.com/etmUra3Fmi ,2017,3,29,19,35,3,88,13
 @jirolian   ラーメン二郎 仙台店  19:03 約30人待ち pic.twitter.com/7dDADX364g ,2017,3,28,19,3,2,87,13
 ラーメン二郎 仙台店 只今の並びは約45人！12:57  @jirolian pic.twitter.com/Ane0ig9mww ,2017,3,28,12,58,2,87,13
 ラーメン二郎仙台店 晴れ 並び53人 11:41  @jirolian ,2017,3,28,11,41,2,87,13
 ラーメン二郎 仙台店 只今の並びは約35人！18:26 @jirolian pic.twitter.com/KER4VzANWk ,2017,3,26,18,26,0,85,13
 @jirolian   ラーメン二郎 仙台店 13:13 交差点まで約50人待ち  大盛況の仙台店、横やん助手の最終日に皆さん激励に来た様です。 pic.twitter.com/nR2VXrnVPl ,2017,3,26,13,13,0,85,13
 @jirolian 仙台1200 50人以上 ,2017,3,26,12,2,0,85,13
 @jirolian 仙台店、20:05で26人、マンションの駐車場のところです。 ,2017,3,24,20,6,5,83,12
 @jirolian   ラーメン二郎 仙台店  19:04 約30人待ち pic.twitter.com/ioIr7iYLtp ,2017,3,23,19,4,4,82,12
 ラーメン二郎 仙台店 開店30分前  只今の並びはイケメン軍団含め12人！11:04  @jirolian pic.twitter.com/ERCKPX1vWB ,2017,3,23,11,4,4,82,12
 ラーメン二郎仙台 晴れ時々曇り 並び8人 13:29  @jirolian ,2017,3,22,13,29,3,81,12
 @jirolian  ラーメン二郎 仙台店 19:10 外待ち9人 pic.twitter.com/lIQiFhnhxB ,2017,3,21,19,11,2,80,12
 ラーメン二郎仙台店 晴れ 店主不在にもかかわらず75人の並び 11:38  @jirolian ,2017,3,19,11,38,0,78,12
 @jirolian  ３月１９日日曜日１０時３９分 仙台店 開店待ち １０人。  #ラーメン二郎  通過しながら確認。 ,2017,3,19,10,41,0,78,12
 12:12 仙台二郎外30、列最後尾不動産屋の前。 ,2017,3,18,12,17,6,77,11
 ラーメン二郎仙台店 晴れ 並び22人 13:50  @jirolian ,2017,3,17,13,50,5,76,11
 @jirolian 19:37 仙台 20人弱待ち(バスから観測) ,2017,3,16,19,37,4,75,11
 @jirolian 12:49 仙台(脇通っただけ) 並び40人弱、列中の喫煙・路上駐輪・列ガチャガチャあり ,2017,3,16,12,50,4,75,11
 @jirolian 11:41 仙台 開店直後外待ち約30人？不動産屋の手前の信号まで 何故か天気雨が…(´･ω･｀) ,2017,3,16,11,42,4,75,11
 ラーメン二郎 仙台店 開店前 只今の並びは30人！11:28  @jirolian pic.twitter.com/lLaSHh7nzA ,2017,3,15,11,28,3,74,11
 ラーメン二郎 仙台店 只今の並びは30人！いつもの日曜日よりもメッチャ混んでいます。>_<  15:42 @jirolian pic.twitter.com/7HIgkQLPYN ,2017,3,12,15,42,0,71,11
 @jirolian 仙台店、20時で不動産屋さんの真ん中くらいのところでした。断念したので詳しい人数分かりません。 ,2017,3,10,20,25,5,69,10
 @jirolian 今回の仙台店の件 ,2017,3,10,19,37,5,69,10
 ラーメン二郎仙台店 晴れ 小雪チラチラ 並び35人位 12:25  @jirolian ,2017,3,10,12,25,5,69,10
 @jirolian  ラーメン二郎 仙台店  11:30 開店待ち約30人 pic.twitter.com/UuzMXyBMil ,2017,3,10,11,30,5,69,10
 @jirolian 仙台店 13:28 35人の並び 寒いっす！ ,2017,3,9,13,28,4,68,10
 ラーメン二郎 仙台店 只今の並びは約45人！12:40 @jirolian pic.twitter.com/F2v6Slafpa ,2017,3,9,12,40,4,68,10
 @jirolian   ラーメン二郎仙台店  17:23 約25人待ち pic.twitter.com/ffmZGX04De ,2017,3,8,17,23,3,67,10
 @jirolian 仙台 開店待ち1 1020 寒い ,2017,3,8,10,25,3,67,10
 @jirolian 仙台 並び30 2036 ,2017,3,7,20,36,2,66,10
 ラーメン二郎 仙台店 只今の並びは日曜日にしては少なめの19人！17:55  @jirolian pic.twitter.com/lO3OheM311 ,2017,3,5,17,55,0,64,10
 @jirolian 仙台店20:20時点で、14人待ちです。 ,2017,3,3,20,23,5,62,9
 @jirolian   ラーメン二郎 仙台店  18:05 10人待ち pic.twitter.com/SN7mMFNNrS ,2017,3,3,18,5,5,62,9
 ラーメン二郎 仙台店 只今の並びは3人！メッチャ少ない並びで 仙台店チョーチャンスです！12:41 @jirolian pic.twitter.com/LiV52AAxcu ,2017,3,2,12,41,4,61,9
 @jirolian   ラーメン二郎仙台店  17:05 只今開店、20人待ち pic.twitter.com/t2jDeuRujw ,2017,3,1,17,6,3,60,9
 ラーメン二郎仙台店 晴天 並び34人  @jirolian ,2017,3,1,11,29,3,60,9
 @jirolian   ラーメン二郎 仙台店  19:10 外待ち約25人  食券を先買いの為に店内に入ったら原田店主の優しい優しい「いらっしゃい！」を頂きました。  本日は19:30までの営業です。 pic.twitter.com/Db6hmoHB4C ,2017,2,26,19,12,0,57,9
 ラーメン二郎 仙台店 只今の並びは約30人！14:42  @jirolian pic.twitter.com/tXYK3LPR3E ,2017,2,26,14,42,0,57,9
 @jirolian 2013仙台店並び15人です〜 ,2017,2,25,20,14,6,56,8
 @jirolian 仙台店 約30人の並び 13:55 ,2017,2,25,13,55,6,56,8
 ラーメン二郎 仙台店 只今の並びは17人！12:20 @jirolian pic.twitter.com/Xt7tHZBvX4 ,2017,2,23,12,20,4,54,8
 二郎仙台店 曇り 並び22人 11:51 @jirolian ,2017,2,23,11,52,4,54,8
 二郎仙台店 雪 並び14人 13:10  @jirolian ,2017,2,21,13,10,2,52,8
 @jirolian 仙台 開店前 10:32 6人待ち ,2017,2,19,10,32,0,50,8
 @jirolian 仙台店20時44分　待ち4人 豚もある！チャンス ,2017,2,18,20,45,6,49,7
 @jirolian 仙台店並び7名1847 ,2017,2,18,18,48,6,49,7
 @jirolian   ラーメン二郎仙台店  18:34 外待ち11人 pic.twitter.com/xFjAcWxqGP ,2017,2,18,18,35,6,49,7
 ラーメン二郎 仙台店 只今の並びは約40人！11:47  @jirolian pic.twitter.com/BOccpMT9zL ,2017,2,18,11,47,6,49,7
 二郎仙台店 2番目並べず残念 現在の並びは3人 10:00 @jirolian ,2017,2,18,10,0,6,49,7
 @jirolian  ラーメン二郎仙台店 18:21 外待ち15人 pic.twitter.com/NBY4mvBJN1 ,2017,2,16,18,23,4,47,7
 ラーメン二郎 仙台店 只今の並びは4人！並び超少ないです！仙台店チャンスです！皆様のご来店お待ちしています！13:04  @jirolian pic.twitter.com/oVhVquCS49 ,2017,2,16,13,5,4,47,7
 @jirolian  ラーメン二郎 仙台店 12:00で25人の並びです ,2017,2,15,12,3,3,46,7
 @jirolian  ラーメン二郎仙台店 19:46 20人待ち  ○○チョコを原田店主へ渡します pic.twitter.com/tCinIUExiD ,2017,2,14,19,47,2,45,7
 二郎仙台店 現在の並びは5人 13:51  @jirolian ,2017,2,14,13,51,2,45,7
 @jirolian 仙台 11:45 25人 ,2017,2,14,11,46,2,45,7
 ラーメン二郎 仙台店 只今の並びは23人！17:43 @jirolian pic.twitter.com/HIh517usD9 ,2017,2,11,17,44,6,42,6
 二郎仙台店 現在の並びは 11人 13:38 @jirolian ,2017,2,10,13,38,5,41,6
 ラーメン二郎 仙台店 小雪舞う中只今の並びはイケメン助手さん含め14人！12:52 @jirolian pic.twitter.com/iXjS7OeToN ,2017,2,9,12,52,4,40,6
" 開店前待ち10人程 1110 @jirolian (@ ラーメン二郎 仙台店 - @jiro_sendai1023 in 仙台市, 宮城県) https://www.swarmapp.com/c/lLrkb6JxG4X  ",2017,2,9,11,10,4,40,6
 @jirolian 仙台 12:49 24人待ち ,2017,2,5,12,49,0,36,6
 ラーメン二郎 仙台店 開店40分前 只今の並びは17人！10:50  @jirolian pic.twitter.com/vcniIw1wag ,2017,2,4,10,50,6,35,5
 @jirolian   ラーメン二郎仙台店  20:33 外待ち3人 pic.twitter.com/jU8Qu84sA7 ,2017,2,3,20,34,5,34,5
 二郎仙台店 現在の並びは21人 13:56  @jirolian ,2017,2,3,13,56,5,34,5
 @jirolian 仙台 二郎 20人くらい 1912 大ラーメン豚カタカタ生姜キムチ別皿ニンニク少し 助手は男子女子コンビ、トッピングミス多目だが頑張ってる pic.twitter.com/VyhA5mYtyx ,2017,2,2,19,13,4,33,5
 @jirolian 仙台 二郎 3人待ち 1835 pic.twitter.com/4xlITknRba ,2017,2,2,18,35,4,33,5
 二郎仙台店 現在の並びは 23人 12:35  @jirolian ,2017,2,1,12,35,3,32,5
 @jirolian 仙台店12:46 約30人 ,2017,1,31,12,47,2,31,5
 @jirolian 仙台店22人 本日通し営業19時30分まで ,2017,1,29,17,12,0,29,5
 二郎仙台店 現在の並びは39人 13:41  @jirolian ,2017,1,29,13,41,0,29,5
 ラーメン二郎 仙台店 只今の並びは19人！19:03 @jirolian pic.twitter.com/bifYtj0X38 ,2017,1,27,19,3,5,27,4
 二郎仙台店 現在の並びは24人 12:40  @jirolian ,2017,1,26,12,40,4,26,4
 ラーメン二郎 仙台店 只今の並びは7人！並び少ないです！11:43 @jirolian pic.twitter.com/jym26JFFUt ,2017,1,26,11,43,4,26,4
 @jirolian 仙台店　外待ち5人チャンス！ ,2017,1,25,12,36,3,25,4
 @jirolian 仙台店　外待ち25人 ,2017,1,25,11,49,3,25,4
 @jirolian 仙台店並びゼロ(12:43) ,2017,1,24,12,44,2,24,4
 二郎仙台店 現在の並びは39人 12:07  @jirolian ,2017,1,21,12,7,6,21,3
 ラーメン二郎 仙台店 只今の並びは約30人！11:50  @jirolian pic.twitter.com/dOm7nVmuwo ,2017,1,21,11,50,6,21,3
 @jirolian 仙台店 11:05 約25人の並び ,2017,1,20,11,8,5,20,3
 @jirolian 仙台店、18:23、並びが3人ですよ。 ,2017,1,19,18,24,4,19,3
 二郎仙台店 現在の並びは8人 13:59  @jirolian ,2017,1,18,13,59,3,18,3
 @jirolian 20:10現在仙台待ち20～30人 ,2017,1,17,20,8,2,17,3
 ラーメン二郎 仙台店 只今の並びは17人！仙台店、昼営業は14時30分までです。13:53 @jirolian pic.twitter.com/SZuSFbIlRO ,2017,1,17,13,53,2,17,3
 @jirolian ひばりヶ丘駅前 11:15 15人 仙台からはるばる来ました！ ,2017,1,17,11,16,2,17,3
 @jirolian 仙台 14:22 待ち23 ,2017,1,15,14,22,0,15,3
 @jirolian 仙台店21人待ち ,2017,1,15,14,6,0,15,3
 ラーメン二郎 仙台店 並びが30人以下になりました。12:42 @jirolian pic.twitter.com/M0JczHIJIY ,2017,1,15,12,42,0,15,3
 ラーメン二郎 仙台店 只今の並びは約48人！間も無く50人超えになりそうです。仙台店、日曜日の営業は19時30分までの通し営業です。11:52 @jirolian pic.twitter.com/fEvpm0ljBh ,2017,1,15,11,52,0,15,3
 @jirolian 仙台店 開店待ち 並び3 1034 ,2017,1,15,10,34,0,15,3
 ラーメン二郎 仙台店 只今の並びは0人！並び無しです！皆様ビッグチャンスです！ご来店お待ちしております！12:17  @jirolian pic.twitter.com/CAjIFDlfBn ,2017,1,12,12,17,4,12,2
 二郎仙台店 現在の並びは23人 12:51 @jirolian ,2017,1,11,12,51,3,11,2
 @jirolian 二郎仙台店 現在の並びは21人 12:48 ,2017,1,11,12,48,3,11,2
 @jirolian ラーメン二郎仙台店 並び13人 1716 ,2017,1,10,17,16,2,10,2
 ラーメン二郎 仙台店 只今の並びは約40人！日曜日の仙台店は19時30分までの営業です。ご来店予定の方はお早めにお願い致します。17:54 @jirolian pic.twitter.com/lWUHRqJffi ,2017,1,8,17,54,0,8,2
 @jirolian 仙台 晴れ 10:50 12名程の並び ,2017,1,8,10,48,0,8,2
 @jirolian ラーメン二郎仙台店 11時30分  開店時間でならび50名以上 やべーですこれは こんなに並ぶとは思わなかった 仙台は回転が早いので助かるんですけどね。 ,2017,1,7,11,32,6,7,1
 @jirolian ラーメン二郎 仙台店 10時55分現在 開店35分前 並び25人 不動産屋前ぐらいまで来てます。 ,2017,1,7,10,55,6,7,1
 @jirolian 仙台店約40人 間に合ったが不動産屋横断歩道前 22時30分になるな～ ,2017,1,6,21,2,5,6,1
 @jirolian ラーメン二郎仙台店 開店前並び 11人 1634 ,2017,1,6,16,34,5,6,1
 二郎仙台店 現在の並びは47人 12:31  @jirolian ,2017,1,6,12,32,5,6,1
 @jirolian  ラーメン二郎仙台店 11:25 50人オーバー 交差点越えそうです ,2017,1,6,11,26,5,6,1
 ラーメン二郎 仙台店 開店24分前 只今の並びは約30人！11:06  @jirolian pic.twitter.com/MM8tz5PN3R ,2017,1,6,11,6,5,6,1
 ラーメン二郎 仙台店 只今の並びは約50人！仙台店本日の営業は17時までの予定ですが、もうちょい長く営業するかもしれないとのことです。ご来店予定の方はお早めにお願い致します。営業終了後の麺豚販売の並びは8人です！16:07  @jirolian pic.twitter.com/uKW3yNtPKC ,2016,12,29,16,8,4,364,52
 @jirolian  ラーメン二郎仙台店 15:59 交差点超えの約50人待ち  麺豚販売、8人待ち  本日、閉店後に麺豚販売の為かなり混んでます。 pic.twitter.com/4lu8JLMGEf ,2016,12,29,16,3,4,364,52
 @jirolian 仙台店1550 行列は不動産屋さん越えて交差点渡っても続いてます(^^;)ブタ販売も既にお待ちの方々が。 ,2016,12,29,15,53,4,364,52
 @jirolian 仙台店 14:25 71人待ち ,2016,12,29,14,27,4,364,52
 有明で多くの待機列が形成される一方仙台では、 RT @sendaiten: ラーメン二郎 仙台店 年内最終日 只今の並びは約70人！まだまだ並びが増えています。12:10  @jirolian pic.twitter.com/n2WdWGKnwP ,2016,12,29,13,47,4,364,52
 ラーメン二郎 仙台店 年内最終日 只今の並びは約70人！まだまだ並びが増えています。12:10  @jirolian pic.twitter.com/cuT1RSgDiL ,2016,12,29,12,11,4,364,52
 二郎仙台店 現在の並びは信号越えて60か70か？11:48  @jirolian ,2016,12,29,11,48,4,364,52
 @jirolian 仙台店 10:48 不動産屋前 ,2016,12,29,10,48,4,364,52
 二郎仙台店 え！並びは50人オーバー13:40  @jirolian ,2016,12,28,13,40,3,363,52
 @jirolian  ラーメン二郎仙台店 20:18 約30人待ち pic.twitter.com/2ZkToJH9pS ,2016,12,27,20,19,2,362,52
 ラーメン二郎 仙台店 只今の並びは20人！12:51  @jirolian pic.twitter.com/5aLKHYsbRB ,2016,12,27,12,51,2,362,52
 @jirolian 11:45 小雨の仙台 外待ち20人弱 ,2016,12,27,11,44,2,362,52
 @jirolian 仙台 10:21 開店前5人待ち ,2016,12,25,10,21,0,360,52
 @jirolian 10:51 仙台 11人待ち ,2016,12,24,10,52,6,359,51
 @jirolian 仙台待ち不動産前あたりまで 13時 ,2016,12,23,13,1,5,358,51
 @jirolian 仙台店、開店10分前25人待ちです。 ,2016,12,23,11,23,5,358,51
 ラーメン二郎 仙台店 開店22分前 只今の並びは11人！11:08  @jirolian pic.twitter.com/WQBVL2tL4g ,2016,12,22,11,8,4,357,51
 二郎仙台店 現在  並びなし 13:50 @jirolian ,2016,12,21,13,50,3,356,51
 @jirolian  ラーメン二郎 仙台店 12:30 外待ち23人 pic.twitter.com/vCmC12MUzN ,2016,12,20,12,30,2,355,51
 ラーメン二郎 仙台店 只今の並びは約20人！日曜日の仙台店は19時30分までの営業です。ご来店予定の方はお早めにお願いします。16:51  @jirolian pic.twitter.com/NyB2WX8AjM ,2016,12,18,16,51,0,353,51
" 待ち列信号越えそう @jirolian (@ ラーメン二郎 仙台店 - @jiro_sendai1023 in 仙台市, 宮城県) https://www.swarmapp.com/c/18vNPiVRd8H  ",2016,12,18,12,8,0,353,51
 @jirolian 仙台二郎 開店待ち今20人くらいです  10:58 ,2016,12,18,10,58,0,353,51
 @jirolian 仙台店 30〜40人くらいでしょうか。 ,2016,12,17,11,14,6,352,50
 二郎仙台店 現在の並びは5人 14:16  @jirolian ,2016,12,16,14,16,5,351,50
 @jirolian 仙台店の忘れ物情報3 https://twitter.com/jiro_sendai1023/status/808580130406703105 … ,2016,12,13,20,19,2,348,50
 @jirolian 仙台店の忘れ物情報2 https://twitter.com/jiro_sendai1023/status/808579868086583297 … ,2016,12,13,20,18,2,348,50
 @jirolian 仙台店の忘れ物情報 https://twitter.com/jiro_sendai1023/status/808579762742378496 … ,2016,12,13,20,18,2,348,50
 ラーメン二郎 仙台店 只今の並びは約35人！仙台店前では路駐の取り締まりをやっています。路駐車がレッカー移動されています。11:43  @jirolian pic.twitter.com/o9xixcab9M ,2016,12,11,11,44,0,346,50
 @jirolian 仙台店どうですか？ ,2016,12,10,10,50,6,345,49
 二郎仙台店 現在の並びは21人 13:45  @jirolian ,2016,12,9,13,46,5,344,49
 ラーメン二郎 仙台店 開店15分前 只今の並びは18人！11:15 @jirolian pic.twitter.com/Xp2VjwPfVD ,2016,12,8,11,15,4,343,49
 @jirolian 仙台店 17:50 27人の並び ,2016,12,4,17,52,0,339,49
 @jirolian 仙台店 14:55 22人の並び ,2016,12,4,14,58,0,339,49
 仙台店 外36人待ち @jirolian ,2016,12,2,20,29,5,337,48
 @jirolian 17時開店前仙台待ち20人ほど ,2016,12,2,17,2,5,337,48
 @jirolian 仙台 開店待ち9人 1113 ,2016,12,1,11,13,4,336,48
 ラーメン二郎 仙台店 只今の並びは高校生とオッサン多めの27人！12:21 @jirolian pic.twitter.com/hpAi4KrI6Y ,2016,11,29,12,21,2,334,48
 @jirolian 仙台 13:10 9名ほど。駅伝開催の影響？少な目の並びです。 ,2016,11,27,13,14,0,332,48
 仙台12:24 40人弱(駐車場超え) @jirolian ,2016,11,26,12,25,6,331,47
 ラーメン二郎 仙台店 只今の並びは40人！17:57 @jirolian pic.twitter.com/V1QhHUT8S9 ,2016,11,25,17,58,5,330,47
 ラーメン二郎 仙台店 開店1時間前、只今の並びは8人！10:36 @jirolian pic.twitter.com/aXZUYGtQS7 ,2016,11,23,10,36,3,328,47
 二郎仙台店 現在の並びは16人 11:36  @jirolian ,2016,11,22,11,36,2,327,47
 @jirolian  ラーメン二郎仙台店 19:15 信号機まで約40人待ち pic.twitter.com/xOVv7n46Ts ,2016,11,20,19,16,0,325,47
 ラーメン二郎 仙台店 只今の並びは40人！仙台店 日曜日は19時30分までの営業です。ご来店予定の方はお早めにお願い致します。18:11 @jirolian pic.twitter.com/A7e4NBQKP1 ,2016,11,20,18,11,0,325,47
 @jirolian 仙台店 12人くらい 1515 ,2016,11,20,15,18,0,325,47
 @jirolian  ラーメン二郎仙台店 18:34  21人待ち pic.twitter.com/GX8sA42UOb ,2016,11,19,18,34,6,324,46
 @jirolian ラーメン二郎仙台店  17時 並び20人以上、、 ,2016,11,18,17,0,5,323,46
 ラーメン二郎 仙台店 只今の並びは35人！ 12:27  shuさんお疲れ様！ @jirolian pic.twitter.com/bOYx9owTVk ,2016,11,18,12,29,5,323,46
 二郎仙台店 現在の並びは37人 11:57 今オープン @jirolian ,2016,11,18,11,58,5,323,46
 ラーメン二郎 仙台店 只今の並びは横やんが帰ったのに約45人！すんごい行列です。日曜日の仙台店の営業時間は19時30分までです。ご来店予定のお客様はお早めにお願い致します。 @jirolian pic.twitter.com/uNoIrsK6uL ,2016,11,13,17,36,0,318,46
 @jirolian 仙台 開店前10:17  4人待ち ,2016,11,13,10,17,0,318,46
 @jirolian  ええええ！仙台二郎35人以上待ち ,2016,11,12,11,48,6,317,45
 二郎仙台店 現在の並びは7人 13:27  @jirolian ,2016,11,11,13,27,5,316,45
 ラーメン二郎 仙台店 只今の並びは13人！12:48 @jirolian pic.twitter.com/eMJB26Ltix ,2016,11,10,12,48,4,315,45
 @jirolian  ラーメン二郎仙台店 11:20 15人の並びです❢❢  何気に風が冷たいです。。。 (>.<) ,2016,11,8,11,23,2,313,45
 ラーメン二郎 仙台店 只今の並びは43人！日曜日の仙台店は19時30分までの営業です。ご来店予定の方はお早めにお願いします。今日の仙台はメッチャ寒いです。17:33 @jirolian pic.twitter.com/aJydYkKzoq ,2016,11,6,17,33,0,311,45
 @jirolian  ラーメン二郎仙台店 20:04 若者ばかり約30人待ち pic.twitter.com/nyp5hGpL8y ,2016,11,4,20,4,5,309,44
 @jirolian 仙台 開店前 10:15  4人待ち ,2016,11,3,10,16,4,308,44
 @jirolian 仙台店待ち40～50人 1920 ,2016,11,2,19,21,3,307,44
 @jirolian ラーメン二郎仙台店。小豚ﾆﾝﾆｸﾔｻｲﾊﾝﾌﾞﾝ。40分並び店内ヘ。豚を２枚食べた後の写真。この前も、この後も、おいしかった。 pic.twitter.com/YAIrLQdDUo ,2016,11,2,19,12,3,307,44
 二郎仙台店 現在の並びは19人 11:42   @jirolian ,2016,11,1,11,42,2,306,44
 @jirolian 仙台のみなもと屋で二郎系を食べた。豚そば大盛りニンニク別皿。 pic.twitter.com/85Q3U3jGOn ,2016,10,30,21,38,0,304,44
 @jirolian 仙台店 19:10 若者多めの約25人待ち pic.twitter.com/P7hEVqkdKi ,2016,10,30,19,10,0,304,44
 ラーメン二郎 仙台店 只今の並びはイケメンばかり11人！14:47 @jirolian pic.twitter.com/D2NfGd3G6z ,2016,10,30,14,47,0,304,44
 @jirolian 1150 仙台 外待ち48 ,2016,10,30,11,51,0,304,44
 @jirolian #ラーメン二郎 #二郎行列チェッカー 会津若松駅前店 2人 開店待ち～昨日の仙台店からの会津店へ！ ,2016,10,29,10,41,6,303,43
 ラーメン二郎 仙台店 只今の並びふ呑み師ブーさん、ド変態黒糖さん含め10人！10:58 @jirolian pic.twitter.com/KivPXMhL7P ,2016,10,28,10,58,5,302,43
 @jirolian #ラーメン二郎 #二郎行列チェッカー 仙台店 4人 開店待ち～ pic.twitter.com/r93Komjdke ,2016,10,28,10,30,5,302,43
 @jirolian ラーメン二郎仙台店。30分並んで店内ヘ。ニンニクヤサイマシショウガ。ＧＦＯＭ（ゴットファーザーオブ麺料理）でした。この中にうめぇ〜あいつが2枚隠れてます。 pic.twitter.com/4HYsCF4rtd ,2016,10,27,18,39,4,301,43
 @jirolian 仙台店12名待ち，他に鍋持参の方あり ,2016,10,27,11,51,4,301,43
 二郎仙台店 13:47  並び無し  @jirolian ,2016,10,26,13,48,3,300,43
" 並び15くらい @jirolian (@ ラーメン二郎 仙台店 - @jiro_sendai1023 in 仙台市, 宮城県 w/ @kallon5519) https://www.swarmapp.com/c/bdsznQSNEm8  ",2016,10,26,12,5,3,300,43
 本日ひっそりと5周年を迎えたラーメン二郎 仙台店 只今の並びはハラペコのやすみそさん含め約35人！15:18  @jirolian pic.twitter.com/pUdxd6urw3 ,2016,10,23,15,19,0,297,43
 @jirolian 仙台店 40人ぐらい ,2016,10,23,14,58,0,297,43
 仙台店で麺切れで早仕舞いの経験は無いと思いますが、日曜日は19時半までですので気をつけて下さい。 ,2016,10,23,13,32,0,297,43
 @jirolian 仙台店 11:05 約25人待ち  本日、仙台店は5周年です。 2番手にはPPAPにを取れなかったわかず君が並んでいます。 pic.twitter.com/9fdwchejUD ,2016,10,23,11,7,0,297,43
 @jirolian １０月２２日土曜日１２時１２分 仙台店 待ち３０人。 #ラーメン二郎 ,2016,10,22,12,13,6,296,42
 @jirolian １０月２２日土曜日１１時０５分 仙台店 開店待ち ２５人。 #ラーメン二郎 ,2016,10,22,11,6,6,296,42
 @jirolian 仙台店 10:25 2人待ち 先頭は岩手から鍋を持ってきたオカズ君です。 pic.twitter.com/dSmiy0Lgmf ,2016,10,19,10,34,3,293,42
 ラーメン二郎 仙台店 只今の並びは約50人！仙台店 日曜日の営業は19時30分までです。ご来店予定の方はお早めにお願いします。19:03   @jirolian pic.twitter.com/1dnOgel2bC ,2016,10,16,19,4,0,290,42
 @jirolian  ラーメン二郎 仙台店 20:10  35人程の並びっす❢❢ (｀･ω･´)ゞ ,2016,10,15,20,20,6,289,41
 @jirolian 二郎仙台店でいただいた後に思う事は一つだけです  「仙台に出店してくれて、ありがとうございます」 ,2016,10,14,19,48,5,288,41
 @jirolian 仙台店は約30人待ち ,2016,10,14,18,35,5,288,41
 二郎仙台店 13:02  2人の並びです @jirolian ,2016,10,12,13,3,3,286,41
 @jirolian #ラーメン二郎 #二郎行列チェッカー 仙台店 最後尾駐車場入口越え 開店待ち～ ,2016,10,11,11,19,2,285,41
 @jirolian #ラーメン二郎 #二郎行列チェッカー 仙台店 2人 開店待ち～遠征！ ,2016,10,11,10,34,2,285,41
 ラーメン二郎仙台店 本日9日(日)臨時休業です！明日10日(祝)は定休日です。9日、10日と連休になりますので御注意ください！宜しくお願い致します！  @jirolian pic.twitter.com/8BBXycqJaX ,2016,10,9,11,41,0,283,41
 @jirolian 仙台店 20:15  19人待ち pic.twitter.com/VQuiMYMJ6B ,2016,10,8,20,15,6,282,40
 ラーメン二郎 仙台店 只今の並びはじろりーまんさんみたいな人も含め19人！19:23  @jirolian pic.twitter.com/I5TESSpWzf ,2016,10,8,19,23,6,282,40
 12:03 仙台店 まろ含め40人程度待ち。 雨のなか、これはスゴい…。 ,2016,10,8,12,1,6,282,40
 @jirolian 仙台15くらい。つけ麺は今日か週明けの火曜日くらいで終了との事です。(;_;) ,2016,10,7,13,16,5,281,40
 ラーメン二郎 仙台店 只今並び無しで店内空席ありです！皆様チャンスです！是非ご来店下さい！つけ麺あります！13:13 @jirolian pic.twitter.com/98yh4IrEUP ,2016,10,6,13,13,4,280,40
 ラーメン二郎仙台店 只今の並びは9人！本日つけ麺あります！12:47 @jirolian pic.twitter.com/wqnmqLJYnP ,2016,10,6,12,48,4,280,40
 @jirolian 仙台店 11:07 約15人待ち PPは岩手から鍋を持って来てる「わかずくん」です。 ,2016,10,4,11,9,2,278,40
 @jirolian 仙台店開店前16人待ち10:53 ,2016,10,2,10,53,0,276,40
 ラーメン二郎 仙台店 開店10分前 只今の並びは27人！11:20  @jirolian pic.twitter.com/AWAu69O4Ge ,2016,10,1,11,20,6,275,39
 @jirolian 仙台店 18:55   16人待ち ,2016,9,30,18,56,5,274,39
 二郎仙台店　現在の並びは19人14:19　@jirolian ,2016,9,30,14,19,5,274,39
 @jirolian 18:15 仙台待ち 10くらい ,2016,9,27,18,14,2,271,39
 二郎仙台店　現在の並びは28人12:45　@jirolian ,2016,9,27,12,45,2,271,39
" あ""っ((((；ﾟДﾟ)))))))  ラーメン二郎仙台店 開店1時間前 只今の並びはあの方も含めオッサンばかり5人！10:30 @jirolian pic.twitter.com/e6Pb2WIfuJ ",2016,9,27,10,31,2,271,39
 ラーメン二郎 仙台店 只今並びは無しです！皆様チャンスです！ご来店お待ちしています！16:13 @jirolian pic.twitter.com/zbcSdPx8sh ,2016,9,25,16,13,0,269,39
 @jirolian  雨降りしきる杜の都 仙台 19:48時点、14人待ち 地方ならではの路駐２台 ,2016,9,22,19,48,4,266,38
 仙台 13:35 待ち35 ,2016,9,22,13,36,4,266,38
 @jirolian 仙台　30ちょい　2030 ,2016,9,21,20,30,3,265,38
 @jirolian  ラーメン二郎仙台店 20人の並び 13:40  つけ麺ありっす❢❢ pic.twitter.com/5AbgtrMsdE ,2016,9,21,13,40,3,265,38
 二郎仙台店 只今の並びは26人 12:40  @jirolian ,2016,9,20,12,41,2,264,38
 @jirolian 仙台約30人 1800 女店員？(ﾟoﾟ;; ,2016,9,18,18,2,0,262,38
 @jirolian  ラーメン二郎仙台店  並びは25人でやんす❢❢ 17:15  ワクワク…(*ΦωΦ*) ,2016,9,18,17,19,0,262,38
 @jirolian  雨の仙台店 開店待ち7人 10:45 普段でもこんな感じなんでしょうか!? ,2016,9,18,10,46,0,262,38
 @jirolian 仙台 待ち9 20:20 ,2016,9,17,20,21,6,261,37
 ラーメン二郎 仙台店 只今の並びは約30人！12:19 @jirolian pic.twitter.com/76r66j4QJA ,2016,9,17,12,19,6,261,37
 二郎仙台店只今の並びは25人12:24   @jirolian ,2016,9,16,12,26,5,260,37
 @jirolian 仙台30 つけめん有 ,2016,9,16,12,8,5,260,37
 ラーメン二郎 仙台店 只今の並びは約30人！本日つけ麺あります。12:33 @jirolian pic.twitter.com/ovlSod6UfM ,2016,9,14,12,33,3,258,37
 二郎仙台店只今の並びは12人 12:45 つけ麺あります  @jirolian ,2016,9,13,12,46,2,257,37
 @jirolian 仙台店 小雨の降る中、約30人待ち pic.twitter.com/4MvcxlAPny ,2016,9,13,11,54,2,257,37
 ラーメン二郎 仙台店 只今の並びは26人、仙台店の日曜日の営業は19時30分までです。ご来店予定の方はお早めにお願いします。17:57 @jirolian pic.twitter.com/DOH99W7Izf ,2016,9,11,17,57,0,255,37
 @jirolian 仙台 16:33   9人待ち ,2016,9,11,16,33,0,255,37
 @jirolian 仙台 19:13  6人待ち つけ麺あり ,2016,9,8,19,13,4,252,36
 二郎仙台店只今の並びは11人11:50 雨の中並んでいます  @jirolian ,2016,9,8,11,57,4,252,36
 @jirolian 仙台店 待ち18人 ,2016,9,7,18,7,3,251,36
 ラーメン二郎 仙台店 只今の並びはもるせがさん含め約30人！13:13 @jirolian pic.twitter.com/vah0Exc5N9 ,2016,9,6,13,14,2,250,36
 @jirolian 仙台店 16:10 10人待ち pic.twitter.com/IeMM76Urb9 ,2016,9,4,16,10,0,248,36
 ラーメン二郎 仙台店 開店16分前 只今の並びは25人！11:14 @jirolian pic.twitter.com/gfQVRZCxXm ,2016,9,3,11,14,6,247,35
 二郎仙台店 只今の並びは22人 11:24  @jirolian ,2016,9,2,11,24,5,246,35
 仙台 11:20 20名位 ,2016,9,2,11,21,5,246,35
 ラーメン二郎 仙台店 只今の並びは9人！本日つけ麺あります！13:22 @jirolian pic.twitter.com/EETqMhyTg1 ,2016,9,1,13,22,4,245,35
 二郎仙台店 只今の並びは21人11:42  @jirolian ,2016,9,1,11,42,4,245,35
 @jirolian 18:47 仙台 30人前後？不動産屋の左側の信号手前まで伸びてる・・・ ,2016,8,31,18,47,3,244,35
 @jirolian 仙台 待ち15人〜20ほど ,2016,8,31,13,31,3,244,35
 @jirolian  12時21分 仙台店25人待ち 二郎Tシャツ着て行ったらイケメン店主さんに素敵なTシャツですねって言われた！ 小豚野菜ニンニクアブラ 暴力的なビジュアルで興奮しました うーまーいー(藤岡弘、氏流のまいうー) pic.twitter.com/03KYOGkzct ,2016,8,31,12,26,3,244,35
 ラーメン二郎 仙台店 只今の並びは26人！本日つけ麺あります！12:23 @jirolian pic.twitter.com/JQPrvKLk7q ,2016,8,31,12,23,3,244,35
 @jirolian 11時24分現在 仙台店 開店待ち25名ほど。 仙台店こんなに並びキツイのかー。。 それにしても熱くて日差しが強い 焼ける。 pic.twitter.com/7UhSi7pIsl ,2016,8,31,11,25,3,244,35
 @jirolian 11:20 仙台 30人弱？ 不動産屋の前まで到達 ,2016,8,31,11,21,3,244,35
 ラーメン二郎 仙台店 只今の並びは約18人！仙台店の日曜日の営業は19時30分までです。ご来店予定の方はお早めにお願いします。19:10 @jirolian pic.twitter.com/5jUXsETdDs ,2016,8,28,19,10,0,241,35
 二郎仙台店只今の並びは36人13:27  @jirolian ,2016,8,28,13,28,0,241,35
 @jirolian ラーメン二郎 仙台店 只今の並びは29人！ 12:05  記念の30店舗目です。 ,2016,8,28,12,6,0,241,35
 仙台二郎Twitter開始！ @jirolian @jiro_sendai1023 ,2016,8,27,17,32,6,240,34
 ラーメン二郎 仙台店 開店3分前 只今の並びは約40人！ 本日つけ麺あります！11:27 @jirolian pic.twitter.com/wIsol0x1Id ,2016,8,25,11,28,4,238,34
 仙台20くらい。つけ麺あります＼(^o^)／ ,2016,8,23,12,26,2,236,34
 ラーメン二郎 仙台店 只今の並びは25人！1今日のスープはド乳化でメッチャ美味しかったです！17:27  @jirolian pic.twitter.com/XZcS2Hto3s ,2016,8,21,17,29,0,234,34
 @jirolian 仙台店 11:11 23人待ち 体感気温33°C こんなに暑くてラーメン食べれるかな？ pic.twitter.com/IbMnH0vG2s ,2016,8,21,11,11,0,234,34
 @jirolian 仙台店 19:28  8人待ち ,2016,8,19,19,28,5,232,33
 二郎仙台店只今の並びは22名12:12  @jirolian ,2016,8,19,12,12,5,232,33
 @jirolian  カレーのにおいが今日も仄かに香る ラーメン二郎 仙台店 11:30の並びはざっと30人 (｀･ω･´)ゞ ,2016,8,19,11,28,5,232,33
 @jirolian 仙台二郎について質問です。木曜の祝日だと、つけ麺はやってないですかね？ ,2016,8,18,17,30,4,231,33
 @jirolian 仙台店 18:17  19人待ち ,2016,8,17,18,17,3,230,33
 ラーメン二郎 仙台店 開店12分前 只今の並びは20人！11:18 @jirolian pic.twitter.com/9q7F9EDrIw ,2016,8,17,11,18,3,230,33
 @jirolian 仙台店 11:06 19人待ち pic.twitter.com/w3I2Flu9KO ,2016,8,17,11,6,3,230,33
 ラーメン二郎 仙台店 只今並びは0人で大チャンスです！ビッグウェーブが来ています！イケメン店主さんも皆様のご来店を首を長〜くしてお待ちしています！17:56  @jirolian pic.twitter.com/JTs50RFhrF ,2016,8,7,17,57,0,220,32
 @jirolian 仙台店 17:20  14人待ち 本日、お盆前最終日で豚、麺販売に2人待ちです。 pic.twitter.com/IsHEx7uTWL ,2016,8,7,17,21,0,220,32
 ラーメン二郎 仙台店 只今の並びは14人！日曜日にしては少ない並びです。日曜日は19時30分までの営業になります。17:19  @jirolian pic.twitter.com/baU0jXMsca ,2016,8,7,17,19,0,220,32
 @jirolian 仙台 並び20 1905 ,2016,8,6,19,5,6,219,31
 @jirolian #ラーメン二郎 #二郎行列チェッカー 仙台店 約20人 待ち ,2016,8,4,19,56,4,217,31
 @jirolian 仙台どんなか分かる人いますか？ ,2016,8,4,18,47,4,217,31
 ラーメン二郎 仙台店 只今の並びは9人！仙台店昼の部は14時30分までですが、あと1ロットくらい大丈夫そうです！14:41  @jirolian pic.twitter.com/022kbbXjKK ,2016,8,4,14,41,4,217,31
 @jirolian 仙台 シャッター待ち横断歩道まで 1133 ,2016,8,4,11,33,4,217,31
 @jirolian 仙台30 ,2016,8,2,20,52,2,215,31
 二郎仙台店只今の並びは12人12:44   @jirolian ,2016,8,2,12,44,2,215,31
 @jirolian 1541仙台二郎 待ち0 ,2016,7,31,15,41,0,213,31
 ラーメン二郎 仙台店 只今の並びは4人！メッチャ少ない並びです。皆様チャンスです！13:21 @jirolian pic.twitter.com/SnmkHFz2VX ,2016,7,31,13,21,0,213,31
 ラーメン二郎仙台店 只今の並びは28人 本日つけ麺あります。11:55 @jirolian pic.twitter.com/uxF17AETRg ,2016,7,29,11,55,5,211,30
 二郎仙台店只今の並びは29人12:53  @jirolian ,2016,7,27,12,53,3,209,30
 ラーメン二郎 仙台店 只今の並びは35人！本日つけ麺あります。12:15 @jirolian pic.twitter.com/peZv7wFmdM ,2016,7,27,12,15,3,209,30
 @jirolian 仙台店 11:30 交差点まで約40人待ち ポン吉さんとマッコロさんはPPです。 pic.twitter.com/4yhVzNWaWR ,2016,7,26,11,30,2,208,30
 ラーメン二郎 仙台店 只今の並びは15人、日曜日にしては少ない並びです。日曜日の仙台店は19時30分までの営業です。18:01  @jirolian pic.twitter.com/tDFjyILesl ,2016,7,24,18,2,0,206,30
 @jirolian 仙台13:32  20人くらい待ち ,2016,7,22,13,32,5,204,29
 ラーメン二郎 仙台店 只今の並びはじろりーまんさんも含め18人！本日つけ麺あります。 @jirolian pic.twitter.com/rj0aVI3VEx ,2016,7,21,13,22,4,203,29
 二郎仙台店只今の並びは26人11:44  @jirolian ,2016,7,20,11,44,3,202,29
 @jirolian 仙台店 12:49 約20人待ち pic.twitter.com/4VWwwZ1tXc ,2016,7,14,12,49,4,196,28
 二郎仙台店只今の並びは23人13:03  @jirolian ,2016,7,13,13,4,3,195,28
 ラーメン二郎 仙台店 只今の並びは約30人！本日つけ麺あります。12:25 @jirolian pic.twitter.com/ktcfTktaNe ,2016,7,13,12,25,3,195,28
 @jirolian 仙台店 13:37  約18人待ち  マッコロさん、J師匠、黒糖さんと一緒です。 pic.twitter.com/WvZYCRu5QY ,2016,7,12,13,37,2,194,28
 ラーメン二郎 仙台店！只今の並びは16人！本日つけ麺あります！ 13:29  @jirolian pic.twitter.com/MBe05uZzm5 ,2016,7,12,13,30,2,194,28
 @jirolian 仙台 10:50 6名 ,2016,7,10,10,50,0,192,28
 @jirolian 仙台 開店前1人 10:13 ,2016,7,10,10,13,0,192,28
 ラーメン二郎 仙台店 開店20分前 只今の並びは12人！16:40 @jirolian pic.twitter.com/4Uo7SfhVZK ,2016,7,9,16,40,6,191,27
 @jirolian 仙台店 12:45   約15人待ち つけ麺有り pic.twitter.com/L5F2SK8VLE ,2016,7,6,12,44,3,188,27
 ラーメン二郎 仙台店 只今の並びは約30人！つけ麺あります。12:08  @jirolian pic.twitter.com/bOUJTXQlx0 ,2016,7,6,12,9,3,188,27
 ラーメン二郎 仙台店 只今の並びは約40人！日曜日の仙台店は19時30分までの営業です！18:46 @jirolian pic.twitter.com/Oyz6uULDtJ ,2016,7,3,18,46,0,185,27
 二郎仙台店只今の並びは13人13:11  @jirolian ,2016,7,1,13,11,5,183,26
 @jirolian 仙台店 19:33  30人ｵｰﾊﾞｰ ,2016,6,29,19,33,3,181,26
 @jirolian 仙台店 14:24人待ち つけ麺は先ほど終了（涙） pic.twitter.com/flcVwenWTh ,2016,6,29,14,24,3,181,26
 ラーメン二郎 仙台店 只今の並びは約40人！並び多めです！11:46 @jirolian pic.twitter.com/qYf0RJNqeH ,2016,6,29,12,47,3,181,26
 @jirolian 仙台店並び12人1850 ,2016,6,28,18,51,2,180,26
 ラーメン二郎 仙台店 只今の並びは約35人！日曜日の仙台店は19:30分までの営業です。ご来店予定の方はお早めにお願いします！19:06 @jirolian pic.twitter.com/VTkXprqtoq ,2016,6,26,19,6,0,178,26
 @jirolian #ラーメン二郎 #二郎行列チェッカー 仙台店 40人くらい ,2016,6,25,11,51,6,177,25
 ラーメン二郎 仙台店 只今の並びは20人！本日つけ麺あります！11:45(写真は開店前)  @jirolian pic.twitter.com/CA8iGgByHJ ,2016,6,24,11,46,5,176,25
 @jirolian 仙台店 12:41 6人待ち  本日昼の部、つけ麺有ります pic.twitter.com/YX5vvTnklv ,2016,6,23,12,41,4,175,25
 ラーメン二郎 仙台店 只今の並びは8人！仙台店にしては非常に少ない並びです！ 皆様、仙台店チャンスです！ご来店お待ちしています！  @jirolian pic.twitter.com/urHjqfaYgz ,2016,6,22,12,17,3,174,25
 二郎仙台店只今の並びは10人12:31   @jirolian ,2016,6,21,12,31,2,173,25
 ラーメン二郎 仙台店 開店前 只今の並びは28人！土曜日にしては少ない並びです！11:29 @jirolian pic.twitter.com/CWBYwUUq8w ,2016,6,18,11,30,6,170,24
 @jirolian 仙台店 11:26開店17人待ち pic.twitter.com/3cPXEwfRG8 ,2016,6,17,11,26,5,169,24
 @jirolian 開店直後 並び5人 仙台店 ,2016,6,16,17,11,4,168,24
 二郎仙台店只今の並びは2人13:18  @jirolian ,2016,6,16,13,18,4,168,24
 @jirolian 仙台店オープン 16人入店 外待ち5､6人 11:45 ,2016,6,16,11,46,4,168,24
 ラーメン二郎 仙台店 現在 並び無し、店内空席ありです。仙台店昼の部の営業は14:30までです！ 皆様、仙台店チャンスです！ご来店お待ちしています！ 13:56 @jirolian pic.twitter.com/Sm0T9LfX3v ,2016,6,14,13,57,2,166,24
 @jirolian 仙台 10:55 快晴 13人ほど。 ,2016,6,11,10,55,6,163,23
 @jirolian 仙台店、12人1750 ,2016,6,9,17,49,4,161,23
 @jirolian 仙台店 14:16空席有りで直ぐ入店できます。 ,2016,6,9,14,16,4,161,23
 ラーメン二郎 仙台店 只今の並びは11人！並び少ないです！今日はチャンスです！  @jirolian pic.twitter.com/259T1b0h9l ,2016,6,9,12,21,4,161,23
 ラーメン二郎 仙台店 只今の並びは約20人12:28  @jirolian pic.twitter.com/mDRQ1plKRl ,2016,6,8,12,28,3,160,23
 @jirolian ラーメン二郎 仙台店10人待ち 15:10 ,2016,6,5,15,10,0,157,23
 @jirolian 仙台店開店前 10:20  4人待ち ,2016,6,5,10,20,0,157,23
 @jirolian  ラーメン二郎仙台店17:45 目測20ちょっとの並び ,2016,6,4,17,48,6,156,22
 @jirolian 仙台店、並び13人 ,2016,6,2,18,27,4,154,22
 ラーメン二郎 仙台店 開店15分前 只今の並びは12人！今のところ並び人数は少なめです。11:15  @jirolian pic.twitter.com/8QEWQjD43C ,2016,6,2,11,15,4,154,22
 ラーメン二郎 仙台店 只今の並びは25人！12:11 @jirolian pic.twitter.com/2VnssPzzSb ,2016,6,1,12,11,3,153,22
 仙台店 12:00 約20人待ち pic.twitter.com/qsOZu1toBP ,2016,6,1,12,1,3,153,22
 ラーメン二郎 仙台店 開店14分前 只今の並びは8人！まだファーストロットに入れます！11: 16 @jirolian pic.twitter.com/0KNN14U1Zg ,2016,5,31,11,16,2,152,22
 ラーメン二郎 仙台店！只今の並びは9人！この時間！並びはメッチャ少ないです！仙台店チャンスです！皆様のご来店をお待ちしております！17:03  @jirolian pic.twitter.com/lFBbxRviLD ,2016,5,29,17,3,0,150,22
 @jirolian 仙台店 11:14  約30人待ち pic.twitter.com/iggBKFaUbR ,2016,5,29,11,14,0,150,22
 @jirolian 仙台店 21:00 閉店時間にもかかわらず、30人位待ち pic.twitter.com/ouY1DhMYZE ,2016,5,28,21,8,6,149,21
 ラーメン二郎 仙台店！開店20分前 只今の並びは15人！16:40  @jirolian pic.twitter.com/chwVUXH7Oj ,2016,5,28,16,40,6,149,21
 ラーメン二郎 仙台店 開店16分前、只今の並びは13人！11:14  @jirolian pic.twitter.com/qzMRxIKjrX ,2016,5,27,11,14,5,148,21
 @jirolian ラーメン二郎 仙台店 17時57分現在並び無しです。 大ラーメン ヤサイニンニクアブラ 満腹。 ごっそさんでした。 pic.twitter.com/iqZppbzQgV ,2016,5,25,17,57,3,146,21
 @jirolian 仙台 17時23分現在16人並びです。 弱い雨がパラついてます。 pic.twitter.com/ypKCMLYQG7 ,2016,5,25,17,23,3,146,21
 ラーメン二郎 仙台店 只今の並びは約35人！仙台店の日曜日営業は19時30分までです。今日は並びが多めなので、ご来店予定の方はチョイ早めに来られる事をオススメします。17:26  @jirolian pic.twitter.com/nkvxy8ZD19 ,2016,5,22,17,26,0,143,21
 @jirolian 仙台店 14:50  ６人待ち pic.twitter.com/ixAQotLVvY ,2016,5,22,14,50,0,143,21
 @jirolian 仙台40人目に接続！ ,2016,5,21,13,29,6,142,20
 @jirolian 仙台店 14:05  3人待ち pic.twitter.com/jyzAUV1vMo ,2016,5,20,14,5,5,141,20
 ラーメン二郎 仙台店 開店1時間10分前 只今の並びは1人   仙台店は11時30分開店です！10:20  @jirolian pic.twitter.com/sHehbVfKpE ,2016,5,19,10,20,4,140,20
 ラーメン二郎 仙台店 只今の並びは25人！仙台店の日曜日の営業は19時30分までです！間も無く閉店です！皆様！お急ぎ下さい！19:15   @jirolian pic.twitter.com/SVRJFJ3ltA ,2016,5,15,19,15,0,136,20
 ラーメン二郎 仙台店 只今の並びは15人！少ない並びです！11:49  @jirolian pic.twitter.com/Z8Jh4Eq4jP ,2016,5,12,11,49,4,133,19
 @jirolian 仙台店 13:30 待ち無し 空席あり pic.twitter.com/9aLSCtTbpr ,2016,5,10,13,32,2,131,19
 ラーメン二郎 仙台店 只今の並びは20人！17:23 @jirolian pic.twitter.com/S2JDKBePYE ,2016,5,8,17,23,0,129,19
 @jirolian 仙台店 シャッター 2人 ,2016,5,5,16,19,4,126,18
 @jirolian 仙台70くらい。豚あり。 ,2016,5,4,12,38,3,125,18
 @jirolian 雨上がりの仙台 待ちは信号まで…３０人オーバーです ,2016,5,4,11,45,3,125,18
 @jirolian 仙台店 10:45  7人待ち pic.twitter.com/ogksNcC4bn ,2016,5,4,10,46,3,125,18
 @jirolian 仙台店に来ました 只今の待ちは２５人前後です ,2016,5,3,20,7,2,124,18
 ラーメン二郎 仙台店 只今の並びは約50人！今日は火曜なので平日営業と同じです。昼の部は14:30までです。夜の部は17:00〜21:00までです。お間違えのないようにお気をつけ下さい。13:05  @jirolian pic.twitter.com/i6WheA0cfN ,2016,5,3,13,5,2,124,18
 ラーメン二郎 仙台店 只今の並びは約40人！今日は並びが全く減りません！>_< 14:58    @jirolian pic.twitter.com/Agt5oSRqK5 ,2016,5,1,14,59,0,122,18
 @jirolian 仙台店 13:14 ほぼ若者30人待ち pic.twitter.com/JAmMUkIiG0 ,2016,5,1,13,14,0,122,18
 ラーメン二郎 仙台店 只今の並びは3人！かなり少ない並びです！皆様、是非いらして下さい！13:12 @jirolian pic.twitter.com/EWVqt2uSEp ,2016,4,28,13,13,4,119,17
 @jirolian  雨の仙台店11:15  5人の並び  僕は店前通過のみで行けず。。。 ,2016,4,28,11,27,4,119,17
 二郎仙台店只今の並びは10人 12:34 @jirolian ,2016,4,27,12,34,3,118,17
 @jirolian 仙台待ち10くらい？ ,2016,4,26,17,34,2,117,17
 @jirolian 仙台　外待ち５０　1935 涼しい ,2016,4,23,19,36,6,114,16
 @jirolian 仙台店 18:27 約36人待ち pic.twitter.com/xFgfW1GjeY ,2016,4,23,18,27,6,114,16
 ラーメン二郎 仙台店 只今の並びは25人！13:50  @jirolian pic.twitter.com/EZLxxm5679 ,2016,4,16,13,50,6,107,15
 ラーメン二郎 仙台店 只今の並びは16人！12:23  @jirolian pic.twitter.com/tkuUbwuSNW ,2016,4,14,12,23,4,105,15
 @jirolian 仙台店 10:32 待ち３人 PPは4bassさんです。 ,2016,4,14,10,34,4,105,15
 @jirolian 仙台 待ち20人ぐらい ,2016,4,12,17,49,2,103,15
 @jirolian 仙台店 18:57  19人待ち ,2016,4,9,18,57,6,100,14
 ラーメン二郎 仙台店 只今の並びは約15人！仙台店 昼の部は14時30分までです！間もなく昼の部終了です！14:25 @jirolian pic.twitter.com/AnIIIlOZHh ,2016,4,9,14,27,6,100,14
 @jirolian  快晴の仙台店 12:10 7､8人の並び ,2016,4,9,12,15,6,100,14
 ラーメン二郎 仙台店 只今の並びは7人！11:59  @jirolian pic.twitter.com/1kPOTzVhnN ,2016,4,7,12,0,4,98,14
 @jirolian  本日 雨の仙台店 5人の並び 開店前11:20 ,2016,4,7,11,25,4,98,14
 @jirolian 仙台外待ち15 ,2016,4,6,18,28,3,97,14
 ラーメン二郎 仙台店 只今の並びは4人！17:46  @jirolian pic.twitter.com/EZDZ6oDmbq ,2016,4,3,17,46,0,94,14
 @jirolian 仙台店  待ち6  14:55 ,2016,4,3,14,57,0,94,14
 @jirolian 仙台店 14:44 14人待ち pic.twitter.com/UrN9UtWZNo ,2016,4,3,14,45,0,94,14
 @jirolian 仙台、開店1時間前待ち2。 ,2016,4,2,10,22,6,93,13
 @jirolian 仙台開店待ち 21人 1130 ,2016,4,1,11,30,5,92,13
 ラーメン二郎 仙台店 只今の並びは10人！19:22 @jirolian pic.twitter.com/LQRSnj43vl ,2016,3,31,19,22,4,91,13
 @jirolian #ラーメン二郎 #二郎行列チェッカー 仙台店 8人 待ち ,2016,3,31,19,19,4,91,13
 ラーメン二郎 仙台店 只今の並びは9人！どうしようかなぁー、もう一杯食べようかなぁー、昼に食べたばかりだしなぁ、もうちょっと散歩してから考えよう。18:12   @jirolian pic.twitter.com/qx3C2qWiv3 ,2016,3,31,18,12,4,91,13
 @jirolian #ラーメン二郎 #二郎行列チェッカー 仙台店 25人 待ち ,2016,3,31,12,2,4,91,13
 ラーメン二郎 仙台店 開店前只今の並びは9人！11:15   @jirolian pic.twitter.com/if8MFjGuYd ,2016,3,31,11,15,4,91,13
 ラーメン二郎 仙台店 只今の並びは20人！12:31 @jirolian pic.twitter.com/WAz06LCSsk ,2016,3,30,12,31,3,90,13
 @jirolian 仙台 店待ち約30人。 ,2016,3,30,11,57,3,90,13
 @jirolian 1325仙台30弱 ,2016,3,29,13,24,2,89,13
 ラーメン二郎 仙台店 只今の並びは9人17:39  @jirolian pic.twitter.com/Bk3WU48ZlR ,2016,3,27,17,39,0,87,13
 @jirolian ラーメン二郎仙台店、只今の並び０人 ,2016,3,27,16,26,0,87,13
 ラーメン二郎 仙台店 只今の並びは35人！18:39 @jirolian pic.twitter.com/bBG8s7276b ,2016,3,26,18,39,6,86,12
 ラーメン二郎 仙台店 開店前只今の並びは21人！11:18  @jirolian pic.twitter.com/7eCozhfUG9 ,2016,3,22,11,19,2,82,12
 @jirolian 仙台店 10:59  4人待ち pic.twitter.com/KavJFAAZvZ ,2016,3,22,11,0,2,82,12
 ラーメン二郎 仙台店 只今の並びは25人17:20 @jirolian pic.twitter.com/y28D0JurkT ,2016,3,20,17,20,0,80,12
 @jirolian 仙台店  18:18  18人待ち pic.twitter.com/FEuwb8qncR ,2016,3,17,18,19,4,77,11
 ラーメン二郎 仙台店 只今の並びは25人！ 12:17  @jirolian pic.twitter.com/Ou9DBiVRgu ,2016,3,16,12,18,3,76,11
 @jirolian 仙台店 18:48 約25人待ち pic.twitter.com/u7StxAYLkx ,2016,3,15,18,49,2,75,11
 @jirolian  1816仙台 外待ち26名(・∀・) ,2016,3,15,18,17,2,75,11
 @jirolian  1255仙台店 車道待ち丁度30名(・∀・) ,2016,3,15,12,55,2,75,11
 ラーメン二郎 仙台店 只今の並びは20人！ @jirolian pic.twitter.com/qZuBdc8WSm ,2016,3,13,17,54,0,73,11
 @jirolian 仙台店 13:22 18人待ち pic.twitter.com/BFJJuo3Wam ,2016,3,13,13,24,0,73,11
 @jirolian 仙台二郎、開店30分前、10人待ち。開店前は相変わらず緩めですな。 ,2016,3,13,11,0,0,73,11
 @jirolian 仙台店 25人程の並び13:05 ちょっと寒いっす!! pic.twitter.com/yfRPkctF83 ,2016,3,12,13,5,6,72,10
 @gourme7777 @jirolian 仙台。次は札幌？ pic.twitter.com/yXlU3HcvGF ,2016,3,9,11,29,3,69,10
 @jirolian 仙台二郎 11時20分 31人待ちだぜ ,2016,3,9,11,20,3,69,10
 @jirolian 今日は仙台に来ちゃいました…只今の並びは既に２０人こえております 風が冷たいー ,2016,3,9,11,7,3,69,10
 @jirolian #ラーメン二郎 #二郎行列チェッカー 仙台店 23人 待ち ,2016,3,8,17,31,2,68,10
 ラーメン二郎 仙台店 只今の並びは25人！11:48  @jirolian pic.twitter.com/wqEAaX68R3 ,2016,3,8,11,48,2,68,10
 @jirolian 仙台店 10:59 開店待ち7人 pic.twitter.com/KswLRVhxhj ,2016,3,8,10,59,2,68,10
 ラーメン二郎 仙台店 只今の並びは4人！かなり空いています！ 16:16 @jirolian pic.twitter.com/qxdP4JJptj ,2016,3,6,16,17,0,66,10
 @jirolian 仙台 1057 並び15人ほど。まだ駐車場入り口超えてない ,2016,3,5,10,58,6,65,9
 ラーメン二郎 仙台店 只今の並びは20人 12:20 @jirolian pic.twitter.com/tJBdsAIElf ,2016,3,2,12,20,3,62,9
 ラーメン二郎 仙台店 只今の並びは15人！17:23 @jirolian pic.twitter.com/ProartNBYn ,2016,2,28,17,23,0,59,9
 @sendaiten @jirolian とんぼ返りで仙台店さん！(@_@;;; ,2016,2,26,17,50,5,57,8
 ラーメン二郎 仙台店 只今の並びは15人！17:10  @jirolian pic.twitter.com/byLFIDbVqO ,2016,2,26,17,11,5,57,8
 @jirolian 仙台店  17:09 待ち11人 ,2016,2,26,17,8,5,57,8
 @momozou941 @jirolian  今日はチーム仙台の変態助平チワワ軍団で栃木遠征です！ ,2016,2,26,11,37,5,57,8
 @jirolian 仙台店本日夜の部お休みです。メルマガより ,2016,2,25,16,7,4,56,8
 @jirolian 仙台店 1830 8人待ち〜♪ ,2016,2,24,18,30,3,55,8
 ラーメン二郎 仙台店 只今の並びは約20人 12:23  @jirolian pic.twitter.com/38PyqSOgW9 ,2016,2,24,12,23,3,55,8
 @jirolian 仙台店 24人＋鍋二郎なお客さん 1800 ,2016,2,23,18,1,2,54,8
 ラーメン二郎 仙台店 只今の並びは約30人！17:19 @jirolian pic.twitter.com/VfnYC9dtmC ,2016,2,21,17,19,0,52,8
 @jirolian 仙台 昨日でカリカリ無くなってしまったので今日はカリカリできないっす ,2016,2,21,15,18,0,52,8
 @jirolian 仙台店 昨日カリカリ大盛況で本日カリカリは有りません。 ,2016,2,21,12,7,0,52,8
 @jirolian 仙台店11:16 25人待ち 今日もカリカリしちゃう？ ,2016,2,21,11,17,0,52,8
 @jirolian 仙台店17:30  待ち16人 本日ｶﾘｶﾘ君ありです ,2016,2,20,17,31,6,51,7
 ラーメン二郎 仙台店 只今の並びは約20人！この時間にしてはかなり空いています！12:48 @jirolian pic.twitter.com/n3AqmUdrRJ ,2016,2,17,12,48,3,48,7
 @jirolian 仙台店11:40 15人程の並び  以上、偵察隊より (｀･ω･´)ゞ ,2016,2,17,11,43,3,48,7
 ラーメン二郎 仙台店 只今の並びは10人です！日曜日にしてはかなり少ないです！13:18 @jirolian pic.twitter.com/ZoSZ1yV9Gq ,2016,2,14,13,18,0,45,7
 ラーメン二郎 仙台店 只今の並びは20人！12:44  @jirolian pic.twitter.com/BLNd6M7snN ,2016,2,14,12,45,0,45,7
 ラーメン二郎 仙台店 只今の並びは約35人！18:42 @jirolian pic.twitter.com/JwC4IKVurb ,2016,2,11,18,42,4,42,6
 ラーメン二郎 仙台店 只今の並びは35人！12:24  @jirolian pic.twitter.com/tsofsW7o69 ,2016,2,10,12,25,3,41,6
 @jirolian 仙台 45人待ち 12::00 ,2016,2,9,12,3,2,40,6
 ラーメン二郎 仙台店 只今の並びは17人！16:56  @jirolian pic.twitter.com/gnHoqr25d3 ,2016,2,7,16,56,0,38,6
 @jirolian 仙台店 16:58 25人位待ち ,2016,2,6,16,58,6,37,5
 ラーメン二郎 仙台店 只今の並びは20人！13:15  @jirolian pic.twitter.com/Dw34TJaIlU ,2016,2,4,13,16,4,35,5
 ラーメン二郎 仙台店 只今の並びは約30人！仙台店 日曜日の営業は19時30分までです。間も無く食券が買えなくなります。 19:26  @jirolian pic.twitter.com/KogxkaJlqG ,2016,1,31,19,26,0,31,5
 ラーメン二郎 仙台店 開店前 只今の並びは14人！今ならまだセカンドロットに入れます。16:55  @jirolian pic.twitter.com/Vr60S8Oc15 ,2016,1,30,16,55,6,30,4
 @jirolian 仙台開店待ち20超 ,2016,1,29,17,4,5,29,4
 ラーメン二郎 仙台店 只今の並びは5人！仙台店 昼の部は14時30分まで、間も無く昼の部終了です。14:30   @jirolian pic.twitter.com/4HzONXaBM3 ,2016,1,29,14,33,5,29,4
 @jirolian 仙台店 13:00 26人の並び ,2016,1,28,13,6,4,28,4
 @jirolian 仙台 1954 約40人 ,2016,1,27,19,54,3,27,4
 ラーメン二郎 仙台店 只今の並びは20人！12:16  @jirolian pic.twitter.com/47sz6mwc89 ,2016,1,27,12,17,3,27,4
 ラーメン二郎 仙台店 只今の並びは7人！メッチャ空いています！17:05 @jirolian pic.twitter.com/MSQqfqyFBi ,2016,1,24,17,5,0,24,4
 ラーメン二郎 仙台店 只今の並びは31人！12:33  @jirolian pic.twitter.com/8sy435U5uI ,2016,1,20,12,33,3,20,3
 @jirolian 仙台店 不動産屋 開店前1117 ,2016,1,17,11,18,0,17,3
 @jirolian 仙台二郎信号付近 ,2016,1,16,19,1,6,16,2
 @jirolian 仙台 1653 開店待ち約20人 ,2016,1,16,16,54,6,16,2
 @jirolian 仙台店約50人待ち 13:27 ,2016,1,16,13,27,6,16,2
 @jirolian 仙台20人待ち。。18:03 ,2016,1,14,18,3,4,14,2
 ラーメン二郎 仙台店 只今の並び約20人！12:11 @jirolian pic.twitter.com/ILDHdOoZhz ,2016,1,14,12,11,4,14,2
 @jirolian 仙台店 27人 1705 ,2016,1,13,17,6,3,13,2
 @jirolian 仙台店 24人 1702 ,2016,1,12,17,3,2,12,2
 ラーメン二郎 仙台店 只今の並びは55人！16:12  @jirolian pic.twitter.com/4OfHys2KSX ,2016,1,10,16,13,0,10,2
 @jirolian  ラーメン二郎仙台店 12:20ざっと５０人 ,2016,1,10,12,22,0,10,2
 @jirolian ラーメン二郎仙台店 8人 17:00開店 ,2016,1,9,16,27,6,9,1
 @jirolian 仙台二郎 現在待ちが信号越えました 大体80人くらい ,2016,1,6,19,12,3,6,1
" 現在５０人超待ち、信号越えそう @jirolian (@ ラーメン二郎 仙台店 in 仙台市, 宮城県) https://www.swarmapp.com/jannguru1234/checkin/568ce563498e009485a846bf?s=2gJMdmjW1KSGG0WmshcTbFYok0Y&ref=tw … ",2016,1,6,18,59,3,6,1
 @jirolian 仙台 開店前16:26  13人待ち ,2016,1,6,16,26,3,6,1
 ラーメン二郎 仙台店 只今の並びは約45人！12:39  @jirolian pic.twitter.com/zJiNxHc8D2 ,2016,1,6,12,39,3,6,1
 仙台 約50人 @jirolian ,2016,1,6,12,19,3,6,1
 ラーメン二郎 仙台店！只今の並びはラーメンを食べる並びは約45人！営業終了後に麺豚を購入の並びは7人！15:57  @jirolian pic.twitter.com/zL4Iw32rA7 ,2015,12,27,15,58,0,361,52
 @jirolian  ラーメン二郎仙台店 交差点はぎり越えないざっと40人程の並び 15:35 ,2015,12,27,15,36,0,361,52
 ラーメン二郎 仙台店 只今の並びは53人！12:32  @jirolian pic.twitter.com/TckRYyTjPo ,2015,12,27,12,33,0,361,52
 @jirolian 仙台店並び25人(13:50) ,2015,12,25,13,45,5,359,51
 時間を間違えました！m(_ _)m 12:21でした！スミマセン！12:30現在 仙台店の並びは約30人です！ @jirolian ,2015,12,25,12,30,5,359,51
 ラーメン二郎 仙台店 只今の並びは約30人！11:21  @jirolian pic.twitter.com/JQk7STiAzs ,2015,12,25,12,21,5,359,51
 .@jirolian 仙台店6人17:50 ,2015,12,24,17,51,4,358,51
 @jirolian 仙台店メルマガより  暇そうです。 クリぼっちの皆様！ 当店は皆さんの味方ですので、 御来店お待ちしております！  本題なのですが、最終日いつも通り、ブタと麺の販売を致します！ ブタ1500円、麺100円です！ ,2015,12,24,17,12,4,358,51
 ラーメン二郎仙台店 只今の並びは15人！仙台店 昼の部の営業は14時30分までです。14:13   @jirolian pic.twitter.com/fnqpZUwwZb ,2015,12,24,14,13,4,358,51
 @jirolian 仙台二郎、12人待ち。仙台は暖かいな。 ,2015,12,24,12,41,4,358,51
 @jirolian 仙台1125開店まち20人強。 ,2015,12,24,11,24,4,358,51
 ラーメン二郎 仙台店 開店30分前 只今の並びは約30人！11:08  @jirolian pic.twitter.com/Oy8acYZZBh ,2015,12,23,11,9,3,357,51
 ラーメン二郎 仙台店 開店前 只今の並びは26人！11:29  @jirolian pic.twitter.com/YCt8KFaecJ ,2015,12,22,11,30,2,356,51
 ラーメン二郎 仙台店 只今の並びは約30人！仙台店 夜の部は21時までの営業です！仙台市内の駐車場は何処も満車です！駐車場を探すだけで40分以上かかってしまいました！>_< 路上駐車はしないで下さい！20:48 @jirolian pic.twitter.com/BaEp1mH5v5 ,2015,12,19,20,49,6,353,50
 @jirolian 仙台店19:11  待ち人36に接続 ,2015,12,19,19,12,6,353,50
 @jirolian  ラーメン二郎仙台店 13:40 並びゼロ 待ち無しであります。 ,2015,12,17,13,41,4,351,50
 @jirolian 仙台店 18:51  待ち人15 ,2015,12,15,18,52,2,349,50
 @jirolian  ラーメン二郎 仙台店 本日14:00 25､6人の並びだす。 pic.twitter.com/8Y0nJdVkfY ,2015,12,12,14,8,6,346,49
 @jirolian ラーメン二郎仙台店、只今の並び３人です！雨が降っています ,2015,12,11,16,35,5,345,49
 @jirolian 仙台店  17:33 待ち25人位 ,2015,12,9,17,33,3,343,49
 @jirolian 仙台 開店前 不動産屋の前まで ,2015,12,9,16,53,3,343,49
 @jirolian 仙台 8人 ,2015,12,9,16,33,3,343,49
 @jirolian 仙台待ち35人 ,2015,12,8,17,38,2,342,49
 @jirolian 仙台50人くらい。 17:35。 予報にはなかった雨が… ,2015,12,5,17,36,6,339,48
 @jirolian 仙台店 31人 1931 ,2015,12,4,19,31,5,338,48
 @jirolian 仙台店どうですか？ ,2015,12,4,19,3,5,338,48
 @jirolian 仙台店 52人 1904 ,2015,12,2,19,4,3,336,48
 @jirolian 仙台店 21人 1448 ,2015,11,29,14,48,0,333,48
 @jirolian 仙台10:37  6人 ,2015,11,29,10,36,0,333,48
 @jirolian 仙台店 開店前４人 1634 ,2015,11,28,16,35,6,332,47
 ラーメン二郎 仙台店 只今の並びは約40人！(正確な人数ではありません) @jirolian pic.twitter.com/N45EaqVx2y ,2015,11,27,19,45,5,331,47
 @jirolian 仙台店 開店前22人 1654 ,2015,11,26,16,54,4,330,47
 ラーメン二郎 仙台店 只今の並びは約30人！日曜日の仙台店は19時30分まで営業です。 @jirolian pic.twitter.com/1je1yi5T9d ,2015,11,22,17,32,0,326,47
 @jirolian 仙台店 不動産屋前まで 1612 ,2015,11,22,16,12,0,326,47
 @jirolian 仙台店 開店前 10人 1630 ,2015,11,21,16,32,6,325,46
 仙台90人近く待ち 1時間半は待ちそうです @jirolian ,2015,11,20,19,17,5,324,46
 @jirolian  教えてください。 仙台、会津若松の麺切れなどの特殊以外での閉店時間は営業時間入店まででしょうか？ それとも営業時間内までは並んでも大丈夫でしょうか？ ,2015,11,17,20,40,2,321,46
 ラーメン二郎仙台店 只今の並びは0人です！今なら並ばずに入れます！仙台店の昼の部は14時30分までの営業です。@jirolian pic.twitter.com/TsjNFZrK7M ,2015,11,17,13,42,2,321,46
 仙台 不動産前16:27 @jirolian ,2015,11,15,16,27,0,319,46
 @jirolian 仙台店  11:05  27人待ち 一緒に来た初二郎の方は26番ゲット ,2015,11,15,11,6,0,319,46
 @jirolian 仙台店 開店約30分前 20人 ,2015,11,15,10,56,0,319,46
 @jirolian 仙台20人くらい ,2015,11,15,10,52,0,319,46
 @jirolian 明日仙台二郎に行く人協力お願いしますだそうなので pic.twitter.com/1IKoKBHJG5 ,2015,11,13,14,33,5,317,45
 @jirolian 仙台今どんくらいですか？ ,2015,11,13,12,37,5,317,45
 @jirolian ラーメン二郎 仙台店 只今の並びは約25人！ pic.twitter.com/tjwPBVwL07 ,2015,11,12,12,54,4,316,45
 @jirolian 仙台 19:30 40人くらい ,2015,11,11,19,38,3,315,45
 仙台 26人待ち17:28 @jirolian ,2015,11,11,17,28,3,315,45
 仙台 開店前8人待ち16:45 @jirolian ,2015,11,11,16,45,3,315,45
 @jirolian 仙台 待ち39人 ,2015,11,10,18,10,2,314,45
 @jirolian 仙台店 20人弱 今がチャンス！ ,2015,11,8,15,25,0,312,45
 @jirolian 仙台店19:30   40人位待ち ,2015,11,6,19,31,5,310,44
 @jirolian ラーメン二郎 仙台店 30人以上。学生の団体多い 1945 ,2015,11,5,19,46,4,309,44
 @jirolian 仙台店 16:43  15人待ち ,2015,10,31,16,44,6,304,43
 @jirolian 仙台店 不動産屋さんまで 豚切れ 食券機のお釣りレバー壊れてるそうです ,2015,10,31,12,0,6,304,43
 @jirolian 仙台店 開店前 23待ち ,2015,10,30,16,57,5,303,43
 @jirolian 仙台店 開店前 22待ち ,2015,10,30,11,29,5,303,43
 @jirolian 仙台店 20:45  まさかの閉店間際40人待ち ,2015,10,28,20,47,3,301,43
 @jirolian 仙台　68人　今日は風が強く寒いです ,2015,10,25,18,32,0,298,43
 @jirolian 仙台店 駐車場まで 1500 ,2015,10,25,15,0,0,298,43
 @jirolian 仙台 開店待ち50人 ,2015,10,22,17,3,4,295,42
 @jirolian 仙台店  17:07  3人待ち ,2015,10,14,17,7,3,287,41
 @jirolian 仙台店 18:00  待ち35人 ,2015,10,11,18,1,0,284,41
 @jirolian 仙台二郎列状況ください ,2015,10,7,18,14,3,280,40
 .@jirolian 仙台開店前20人待ち ,2015,10,7,16,53,3,280,40
 @jirolian 仙台店1135時点、４０人超。 ,2015,10,4,11,36,0,277,40
 @jirolian 仙台開店前、11人待ち。1100 ,2015,10,3,11,1,6,276,39
 @jirolian 仙台今何人くらいですか？ ,2015,10,2,12,19,5,275,39
 @jirolian 仙台店  14:20  並び2人 ,2015,10,1,14,21,4,274,39
 @jirolian 仙台店 開店前12人 1109 ,2015,9,30,11,9,3,273,39
 @jirolian 仙台二郎13人待ち ,2015,9,29,20,51,2,272,39
 @jirolian 仙台 アーケードじゃなくて不動産屋くらいまで外待ち ,2015,9,18,12,55,5,261,37
 @jirolian 仙台 1249 アーケードぐらいまで外待ち ,2015,9,18,12,49,5,261,37
 @jirolian 仙台店 10人ちょっと ,2015,9,13,16,18,0,256,37
 @jirolian 仙台 外待ち23人 2042 ,2015,9,11,20,43,5,254,36
 @jirolian 仙台店、券売機故障によりおつりが出しづらい状況。ある程度のおつりは用意しますが、できればあらかじめ小銭を用意してほしいとのこと。 メルマガより ,2015,9,7,14,42,1,250,36
 @jirolian 仙台店1351、待ち16人 ,2015,9,6,13,51,0,249,36
 @jirolian 仙台二郎待ち30名ほど。不動産屋の前まで。 ,2015,9,5,17,52,6,248,35
 @jirolian ラーメン二郎 仙台店 開店待ち 約15名 1045 ,2015,9,5,10,51,6,248,35
 @jirolian 仙台二郎開店待機30人強 1132 ,2015,9,4,11,32,5,247,35
 @jirolian 仙台 行列30人以上？ 宣告人に任命されました (^^;; ,2015,8,28,21,2,5,240,34
 @jirolian 仙台 開店待ち15人 1115 ,2015,8,28,11,15,5,240,34
 @jirolian 仙台20 つけ有 ,2015,8,27,12,51,4,239,34
 @jirolian 仙台 開店待ち 18人 1112 ,2015,8,27,11,13,4,239,34
 @jirolian #ラーメン二郎 #二郎行列チェッカー 仙台店 開店待ち 駐車場入口まで～ ,2015,8,25,11,9,2,237,34
 @jirolian #ラーメン二郎 #二郎行列チェッカー 仙台店 3人 開店待ち ,2015,8,25,10,48,2,237,34
 @jirolian 仙台店 不動産前 13:40 ,2015,8,22,13,41,6,234,33
 @jirolian 仙台50人over 1300 ,2015,8,21,12,59,5,233,33
 @jirolian 仙台　不動産屋の木まで並び　半袖だともう寒いっすね ,2015,8,20,18,6,4,232,33
 @jirolian 仙台 待ち18人 1257 ,2015,8,20,12,57,4,232,33
 @jirolian 仙台 信号前 ,2015,8,9,13,14,0,221,32
 @jirolian 仙台　　開店前　交差点超え ,2015,8,9,11,12,0,221,32
 @jirolian 仙台店開店前26人 ,2015,8,6,11,32,4,218,31
 @jirolian 仙台5 もちろん夜はつけめんしてません ,2015,8,4,17,46,2,216,31
 @jirolian 仙台二郎 外待ち30人くらい ,2015,8,2,18,1,0,214,31
 @jirolian 10:53 仙台二郎、開店前、5人 ,2015,7,29,10,53,3,210,30
 @jirolian 仙台 1855 待ちなし ,2015,7,26,19,12,0,207,30
 @jirolian 仙台空席多い(*_*; ,2015,7,21,13,15,2,202,29
 @jirolian 仙台5 つけめん無し(/_;) ,2015,7,21,12,45,2,202,29
 @jirolian #ラーメン二郎 #二郎行列チェッカー 仙台店 開店待ち～並びは不動産屋前！助手さん麺の大きさの確認♪ ,2015,7,21,11,29,2,202,29
 @jirolian #ラーメン二郎 #二郎行列チェッカー 仙台店 14人 開店待ち～！ ,2015,7,21,11,3,2,202,29
 @jirolian #ラーメン二郎 #二郎行列チェッカー 仙台店 3人 開店待ち～遠征麺活！ ,2015,7,21,10,23,2,202,29
 @jirolian 仙台　ほぼ待ち無し　土曜なのに珍しいっすね ,2015,7,18,13,12,6,199,28
 @jirolian ラーメン二郎仙台店。 すでに待ち25人以上(;ﾟдﾟ) ,2015,7,14,11,22,2,195,28
 @jirolian ラーメン二郎仙台店 開店前 不動産屋さんの横断歩道付近まで  めっちゃ暑い ,2015,7,11,11,11,6,192,27
 @jirolian 仙台 不動産屋のところまで並んでる1805 ,2015,7,7,18,5,2,188,27
 @jirolian 仙台の今の情報お願いします ,2015,7,3,12,8,5,184,26
 @jirolian 仙台店待ちは10人以上。初参戦楽しみです。 ,2015,7,3,11,19,5,184,26
 @jirolian 仙台 外待ち15人くらい ,2015,6,19,13,6,5,170,24
 @jirolian 仙台の情報お願いしますー ,2015,6,19,12,31,5,170,24
 @jirolian 仙台 開店待ち15人 1118 ,2015,6,18,11,18,4,169,24
 @jirolian 仙台 外待ち9人 1804 ,2015,6,4,18,4,4,155,22
 @jirolian 1805 仙台 外待ち8人 ,2015,5,27,18,5,3,147,21
 @jirolian 仙台 駐車場まで列あり ,2015,5,26,18,34,2,146,21
 @jirolian 1804 仙台 外待ち6人 ,2015,5,26,18,3,2,146,21
 @jirolian 仙台11:14晴れ オープン前31人 ,2015,5,24,11,15,0,144,21
 @jirolian 仙台  18:24  待ち12 ,2015,5,22,18,24,5,142,20
 @jirolian 仙台 35人 ,2015,5,17,18,56,0,137,20
 @jirolian 仙台 二郎 外並び10人 17:26現在 ,2015,5,14,17,26,4,134,19
 @jirolian 仙台店。只今、外待ち軽く見積もっても30位はいます。 ,2015,5,13,19,12,3,133,19
 @jirolian 仙台メルマガ配信なう、以下コピペ。麺と豚販売のお客様お待たせして申し訳ありません。麺と豚を持ち帰る袋をご持参下さいませ。価格は麺1玉100円豚肉値上がりの影響もありまして、今回は1本1200円でお願い致します。毎度バタバタしてすみません。 ,2015,5,6,13,59,3,126,18
 12:00 仙台店 40人強待ち G.W.だし天気良いし混んでます  @jirolian ,2015,5,3,12,2,0,123,18
 @jirolian 仙台二郎、我妻不動産前待ち ,2015,5,2,13,0,6,122,17
 @jirolian 仙台 ２０人位 １３２６ ,2015,5,1,13,26,5,121,17
 @jirolian 仙台たくさん並び過ぎ！不動産前の交差点にはみ出してた！ ,2015,4,25,19,29,6,115,16
 @jirolian 仙台 不動産屋横の横断歩道付近 1930 ,2015,4,21,19,37,2,111,16
 @jirolian 仙台 不動産屋の前まで ,2015,4,18,11,53,6,108,15
 @jirolian 仙台4人 ,2015,3,22,18,24,0,81,12
 @jirolian 仙台 22人待ち 11:13 ,2015,3,21,11,13,6,80,11
 @jirolian 仙台店20人待ち ,2015,3,15,11,7,0,74,11
 @jirolian 仙台 開店6分前 雪の降る中10人待ちだっちゃ ,2015,3,10,16,54,2,69,10
 @jirolian 仙台5人待ち17:25 ,2015,3,8,17,25,0,67,10
 @jirolian 仙台　外待ち２３　1510 ,2015,3,8,15,10,0,67,10
 @jirolian 仙台二郎 待ち10人くらい 1655 ,2015,3,6,16,55,5,65,9
 @jirolian 仙台9人。15:09。小雪舞ってます ,2015,2,15,15,9,0,46,7
 @jirolian 仙台店 18:10 30人くらい待ち 雪小降り ,2015,2,10,18,10,2,41,6
 @jirolian 仙台8人待ち ,2015,2,4,18,0,3,35,5
 @jirolian 14:10 仙台 15人待ち ,2015,1,24,14,12,6,24,3
 @jirolian 仙台4名待ちなう ,2015,1,18,15,46,0,18,3
 【ラーメン二郎三十九箇所巡り～三周目は逆巡礼その五仙台店-2】@jirolian 17:34現在、外待ち5人。 ,2015,1,13,17,34,2,13,2
 @jirolian 仙台店待ち40以上 本日年内最終日 ,2014,12,28,15,3,0,362,52
 @jirolian 仙台 開店前30人超え ,2014,12,28,10,51,0,362,52
 @jirolian 仙台25人 ,2014,12,21,18,38,0,355,51
 @jirolian 仙台はどうですか？ ,2014,11,26,18,47,3,330,47
 @jirolian 仙台 開店前に30人以上待ってる 1655 ,2014,11,22,16,59,6,326,46
 @jirolian 仙台 待ち20人位。1140 ,2014,11,21,11,40,5,325,46
 @jirolian 仙台、開店待ち15名 10:55現在 ,2014,11,15,10,57,6,319,45
 @jirolian 仙台　外待ち１０人くらい　1924 ,2014,11,11,19,24,2,315,45
 @jirolian 二郎仙台 38人待ち いま開店 ,2014,11,9,11,35,0,313,45
 @jirolian 今日月曜日で祝日ですが仙台店ってやっぱり休みなんでしょうか ,2014,11,3,12,23,1,307,44
 @jirolian ラーメン二郎守谷店には、会津、札幌、仙台などなどオープンポスターが貼ってあるけど、蒲田のは貼ってないよ ,2014,10,26,13,50,0,299,43
 【ラーメン二郎三十八箇所巡り二周目その三十六仙台店-1】11:15現在、シャッター待ち18。@jirolian ,2014,10,21,11,16,2,294,42
 @jirolian 仙台待ち28 ,2014,10,12,14,42,0,285,41
 @jirolian 仙台どーすか？ ,2014,10,8,18,29,3,281,40
 @jirolian 仙台は何人待ちですか？ ,2014,10,4,12,32,6,277,39
 @jirolian 仙台店外待ち32人。12:16 ,2014,10,1,12,16,3,274,39
 @jirolian 仙台３０人以上 ,2014,9,28,12,52,0,271,39
 @jirolian 今日は仙台やってますか？営業時間は通常でしょうか？ ,2014,9,23,12,44,2,266,38
 @jirolian 仙台 18人 ,2014,9,19,20,14,5,262,37
 @jirolian 仙台 不動産屋過ぎて交差点曲がりかけ ,2014,9,7,11,53,0,250,36
 @jirolian 新店舗情報。会津若松店9/21オープン。初日は100食限定。ソースは本店内貼り紙。東北2店目ですね！まだ仙台も行ってないのに…。 ,2014,9,6,17,8,6,249,35
 @jirolian 仙台 12:35 交差点 ,2014,8,31,12,38,0,243,35
 @jirolian 仙台　不動産前まで ,2014,8,26,12,4,2,238,34
 @jirolian 仙台開店前23人待ち 1121 ,2014,8,22,11,21,5,234,33
 @jirolian 仙台19人待ち 1230 ,2014,8,21,12,32,4,233,33
 @jirolian 仙台シャッター8人  10:50 ,2014,8,20,10,50,3,232,33
 @burstdizzy @jirolian 仙台は19までお盆休みですよー ,2014,8,16,17,15,6,228,32
 @jirolian 仙台どうですか？ ,2014,8,16,17,2,6,228,32
 @jirolian 仙台二郎開店前15人くらい 1107 ,2014,8,10,11,8,0,222,32
 @jirolian 仙台 お盆前最終日 並びは5人ほど 雨です10:50 ,2014,8,10,10,50,0,222,32
 @jirolian 夏休みまとめ②(訂正あったらおねがいします)  仙台11〜19 栃木16〜17 西台14〜17 守谷13〜20 野猿11〜18 ,2014,8,8,14,48,5,220,31
 @jirolian 二郎仙台店、不動産屋前まで列あり。1149 ,2014,8,3,11,49,0,215,31
 @jirolian ラーメン二郎仙台店、花火大会のため8/5臨時休業 ,2014,7,26,18,4,6,207,29
 @jirolian 仙台 18:35 待なし ,2014,7,25,18,39,5,206,29
 @jirolian 仙台店 開店前 並び30名 1114 ,2014,7,20,11,14,0,201,29
 @jirolian 仙台店待ち20      2030 ,2014,7,18,20,32,5,199,28
 @jirolian 仙台 18:40 約45人  混みすぎてて撤退 ,2014,7,8,18,44,2,189,27
 @jirolian 仙台 明日7/6臨時休業 張り紙あり ,2014,7,5,19,3,6,186,26
 @jirolian 仙台 開店前25人 1641 ,2014,7,5,16,41,6,186,26
 @jirolian 仙台 11:15  15人ほど 土曜日のこの時間にしては少ないの 天気はくもり。 ,2014,7,5,11,16,6,186,26
 @jirolian 仙台 19:25 待ち13 麺豚11 ,2014,6,29,19,28,0,180,26
 @jirolian 仙台 14:45 待ち0 ,2014,6,29,14,48,0,180,26
 @jirolian 仙台28人待ち ,2014,6,22,17,38,0,173,25
 @jirolian 仕事で仙台来たが、かなり待ちそう！1時からの会議遅れなので断念（≧∇≦） ,2014,6,21,11,36,6,172,24
 @jirolian 仙台店まもなく開店 待ち40人強 ,2014,6,21,11,33,6,172,24
 @jirolian 仙台 つけ麺は現在のところ、平日昼のみの限定だそうです。 ,2014,6,21,11,26,6,172,24
 @jirolian 仙台二郎、今日は昼のみつけ麺をやるとのこと。1128現在10人。 ,2014,6,18,11,28,3,169,24
 @jirolian  二郎仙台店、本日昼限定でツケあるそうです(100円) ソースはメガネのにーちゃん ,2014,6,18,11,27,3,169,24
 @jirolian 仙台二郎、1115開店待ち8人です。 ,2014,6,18,11,16,3,169,24
 .@jirolian 仙台二郎、約20人待ち ,2014,6,3,11,31,2,154,22
 @jirolian 仙台店 1442 待ち4 ,2014,5,25,14,42,0,145,21
 @jirolian 仙台 本日営業終了後豚販売予定 ソースはメルマガ ,2014,5,21,17,59,3,141,20
 @jirolian 仙台1704 20人 ,2014,5,13,17,4,2,133,19
 @jirolian 仙台25人待ち 1150 ,2014,5,11,11,50,0,131,19
 @jirolian 仙台26人待ち 1757 ,2014,5,10,17,57,6,130,18
 @jirolian 仙台店シャッター待ち ざっと40人 1133 pic.twitter.com/yqSUOLgr50 ,2014,5,10,11,33,6,130,18
 @jirolian 仙台待ちなしで食えますよー 13:06 ,2014,5,9,13,6,5,129,18
 @jirolian 仙台二郎20分前12人待ち。 ,2014,5,7,11,10,3,127,18
 @jirolian 仙台二郎 開店30分前で30人目前です。 ,2014,5,3,11,5,6,123,17
 @jirolian 仙台二郎、開店前待ち4人(10:30) ,2014,5,3,10,31,6,123,17
 @jirolian  本日二郎仙台店にてカネシを持ち帰ろうとするけしからん輩がいらっしゃいました ダメ、絶対。 ,2014,5,2,12,37,5,122,17
 @jirolian 仙台シャッター38人待ち 11:18 ,2014,5,2,11,18,5,122,17
 @jirolian 仙台、20人以上(´･ω･｀)ﾉｼ ,2014,4,29,11,1,2,119,17
 @jirolian 仙台店開店前待ち30人強 1108 ,2014,4,26,11,8,6,116,16
 @jirolian 仙台 19:00 45 ,2014,4,23,19,4,3,113,16
 @jirolian 仙台 14 ,2014,4,17,18,31,4,107,15
 @jirolian 仙台 19:35 待ち40 寒い ,2014,4,13,19,38,0,103,15
 @jirolian 仙台、開店前、10人 ,2014,4,12,11,11,6,102,14
 @jirolian ラーメン二郎仙台店。 開店前すでに並んでる！！！ ,2014,4,6,11,12,0,96,14
 @jirolian ラーメン二郎仙台店 12:15開店でございます 大変お待ちいたしました ,2014,3,28,12,16,5,87,12
 @jirolian  二郎仙台店  ガス機器不調の為開店遅延中 現在修理中とのこと ,2014,3,28,11,44,5,87,12
 @jirolian 仙台店待ち25人       1225 ,2014,3,23,12,28,0,82,12
 @jirolian 仙台店30人弱  2010 ,2014,3,22,20,12,6,81,11
 @jirolian  明日の祝日は通常営業でございますので、御注意ください  基本的に祝日は通常営業でございます 祝日が通し営業と思われてるお客様がたくさんいらっしゃって、昼営業後にお断りする事が多く、悲しいです 祝日は通常営業でございます ラーメン二郎仙台店 ,2014,3,20,15,34,4,79,11
 @jirolian 仙台二郎 12時26分 14人まち♪ ,2014,3,19,12,27,3,78,11
 @jirolian 仙台店待ち5人  1850 ,2014,3,8,18,50,6,67,9
 @jirolian 仙台二郎 外待ち11人 1400 ,2014,3,7,14,2,5,66,9
 @jirolian 仙台 3月2日の日曜日は臨休とのこと。メルマガより。 ,2014,3,1,13,53,6,60,8
 @jirolian 仙台店 店外ならび10名 ,2014,2,25,12,14,2,56,8
 @jirolian 仙台、自分含めて待ち6 ,2014,2,22,18,51,6,53,7
 @jirolian 仙台 待ちなし空席なし1351 ,2014,2,19,13,51,3,50,7
 @jirolian 10:00現在の臨休まとめ 立川、相模大野、仙台、桜台、藤沢湘南、京成大久保、神保町、めじろ台、栃木街道、関内、野猿昼の部（夜は別途連絡）三田本店（昼夜ともに不明、現時点で開店してない） ,2014,2,15,10,2,6,46,6
 @jirolian  こんにちは！ ラーメン二郎仙台店です！  本日キムチやります。食券と共に50円置いて下さいませ。 宜しくお願い致します！  今日は2月14日。そうです。ただの平日です。 御来店お待ちしております。 ,2014,2,14,15,7,5,45,6
 @jirolian 仙台 開店 不動産屋前まで列あり 助手の日でしょうか、開店時店長不在 1139 ,2014,2,11,11,40,2,42,6
 @jirolian 仙台 1108 並び12人ほど。雪、傘持って ,2014,2,8,11,9,6,39,5
 @jirolian  ラーメン二郎仙台店 材料費高騰アンド消費税増税に際し値上がり検討中。 小ラーメン680～700円で検討中 値上がりの際に開始しようか検討中のキムチ本日50円でやるそうです。 食券の横に現金で置いてください。 ソースメルマガ ,2014,2,5,15,43,3,36,5
 @jirolian 仙台待ち12くらい ,2014,1,31,18,44,5,31,4
 @jirolian 仙台、15人くらい ,2014,1,22,17,28,3,22,3
 @jirolian 仙台店麺切れ終了  1950 ,2014,1,12,19,52,0,12,2
 @jirolian 仙台店待ち30人強      1945 ,2014,1,12,19,45,0,12,2
 @jirolian 仙台35人 1225 ,2014,1,12,12,24,0,12,2
 @jirolian 仙台店待ち40くらい     1845 ,2014,1,11,18,47,6,11,1
 @jirolian 仙台 開店前 晴れ 15名ほどの待ち 11:00 ,2014,1,11,11,0,6,11,1
 @jirolian  あけましておめでとうございます！ 今年も宜しくお願い致します！ 本日より通常営業しております！  正月で4キロ太った店主が頑張ってラーメンを作っております。御来店お待ちしております。m(_ _)m ラーメン二郎仙台店 ,2014,1,7,19,30,2,7,1
 @jirolian 仙台本日より営業 40人待ち 豚ありませんでした ,2014,1,7,12,7,2,7,1
 @jirolian 仙台 7日から営業  ところで有名ブログが更新やめるみたいで残念 ,2014,1,1,21,46,3,1,0
 @jirolian 現在の仙台店どんな感じですか？ ,2013,12,29,13,12,0,363,52
 @jirolian 仙台 開店前 待ち40人以上 不動産屋越え 年内最終日です。11:17 ,2013,12,29,11,18,0,363,52
 @jirolian やっぱり仙台まできて黙って帰れないので30人くらいの列にならんでます。が、 先に食券を買うとか、何だかわからんルールがある様で、並びがグチャグチャ… 割り込む奴もいるし、食べる前にガッカリ感有り。 ,2013,12,27,19,12,5,361,51
 @jirolian 仙台二郎外待ち40人位、 凄い並んでます。 自分は仙台に出張にきててこれから仕事なので食べれません… 隣の100円ローソンで缶コーヒー買って退散なんで、超さみしい。。。 ,2013,12,26,12,4,4,360,51
 @jirolian [二郎行列チェッカー]  仙台店 25人ほど 待ち ,2013,12,25,12,1,3,359,51
 @jirolian [二郎行列チェッカー]  仙台店 開店20分前 8人 待ち ,2013,12,25,11,10,3,359,51
 @jirolian 仙台外待ちなしですよ クリスマス万歳 ,2013,12,24,19,0,2,358,51
 @jirolian 仙台二郎からのメルマガです。 年内最終日は 29日(日)の11時30分～17時までです。 閉店後、麺と豚の販売を致します。 麺が1玉(300g)、100円 豚が1500円です。　年内最後には麺と豚が買えるようです。 ,2013,12,23,18,41,1,357,51
 @jirolian 仙台店今日はお休みとのことです ,2013,12,23,11,41,1,357,51
 @jirolian 仙台26人11:50 ,2013,12,21,11,50,6,355,50
 @jirolian 年末の仙台二郎はどんな感じですか？ ,2013,12,19,20,56,4,353,50
 @jirolian 仙台店から「ひまなう」のMLがｗｗｗ ,2013,12,14,19,58,6,348,49
 @jirolian 仙台店 並び17人 1119 ,2013,12,12,11,19,4,346,49
 @jirolian 仙台35 1135 ,2013,12,11,11,36,3,345,49
 @jirolian 仙台二郎　外15　1352 ,2013,11,27,13,52,3,331,47
 @jirolian [二郎行列チェッカー]  仙台店 約30人 待ち ,2013,11,26,13,16,2,330,47
 @jirolian 仙台本日営業終了です ,2013,11,24,20,1,0,328,47
 カウントお疲れ様ですw@cubaapplehavana: @jirolian 仙台 13:20 68” ,2013,11,24,13,33,0,328,47
 @jirolian 仙台 13:20 68 ,2013,11,24,13,20,0,328,47
 ふぁっ！？@cubaapplehavana: @jirolian 仙台 12:40 55人以上 交差点折れ曲がって並んでいるのでその先に何人いるかは不明” ,2013,11,24,13,6,0,328,47
 @jirolian 仙台 12:40 55人以上 交差点折れ曲がって並んでいるのでその先に何人いるかは不明 ,2013,11,24,12,44,0,328,47
 @jirolian 仙台店、外待ち35くらい。12:30 ,2013,11,16,12,30,6,320,45
 @jirolian 仙台 開店前 20名ほど 10:56 ,2013,11,16,10,56,6,320,45
 @jirolian 仙台店22人待ち 1255 ,2013,11,15,12,55,5,319,45
 @jirolian 仙台開店前30人待ち ,2013,11,10,11,36,0,314,45
 @jirolian 仙台店待ち28人 1908 ,2013,11,3,19,9,0,307,44
 @jirolian 仙台店待ち22  1820 ,2013,11,2,18,24,6,306,43
 @jirolian 仙台10人 ,2013,11,2,10,57,6,306,43
 @jirolian 仙台15人 開店15分前 ,2013,10,29,11,15,2,302,43
 @jirolian 仙台 晴れ 15名ほど並び 11:00 ,2013,10,27,11,3,0,300,43
 @jirolian 仙台42人 1930 豚売り切れ ,2013,10,26,19,29,6,299,42
 @jirolian 仙台 12人待ち ,2013,10,22,19,55,2,295,42
 @jirolian 仙台 雨です。開店前 18名ほど。1106 ,2013,10,20,11,6,0,293,42
 ラーメン二郎 情報 bot: RT @chinda142857: @jirolian 【仙台店】10/16 台風接近のため午前の部休業 メルマガより ,2013,10,15,17,17,2,288,41
 @jirolian 仙台は鍋二郎、OK！現場で確認しました。 ,2013,10,14,18,2,1,287,41
 @jirolian 仙台、歩道の端によって並びましょう。 点字ブロックの上までふくらんで、通行の妨げになっています。 ,2013,10,12,12,19,6,285,40
 @jirolian 仙台 開店前 不動産屋さん越え 40名ほど 1128 ,2013,10,12,11,28,6,285,40
 @jirolian 仙台店45人待ち 1351 ,2013,9,29,13,51,0,272,39
 @jirolian 仙台店1120待ち15 ,2013,9,20,11,23,5,263,37
 @jirolian 仙台 開店前 20名ほど。不動産屋さん前。雨降り。1127 ,2013,9,15,11,27,0,258,37
 @jirolian 仙台二郎、10人待ち 1951 残念ながらブタ切れ。 仙台二郎の待ち報告するの、もう1年振りになります。 ,2013,9,14,19,53,6,257,36
 @jirolian 目黒二郎、本日昼の部お休み。夜は通常営業。  本日私は一年振りの仙台二郎へ行ってきます。 ,2013,9,14,11,45,6,257,36
 @jirolian 仙台は営業してますか？ ,2013,9,8,11,16,0,251,36
 @jirolian 仙台までやって来た。だいたい20人待ち 1859 ,2013,9,7,18,59,6,250,35
 @jirolian 仙台店約20人待ち ,2013,9,3,11,52,2,246,35
 @jirolian仙台30人 19:55 ,2013,8,28,19,56,3,240,34
 @jirolian 仙台二郎のお盆休みわかる人居ますか？？ ,2013,8,15,14,27,4,227,32
 @jirolian 仙台 開店前 20人ほど 暑いので水分とタオル持参 11:07 ,2013,8,10,11,7,6,222,31
 @jirolian 仙台並び18 1202 ,2013,8,9,12,2,5,221,31
 @jirolian 仙台 開店前11人待ち 11:15 ,2013,8,7,11,15,3,219,31
 @jirolian 仙台1940 並び11。雨なり。 ,2013,8,2,19,41,5,214,30
 @jirolian 仙台 17:02 14人ほど 小雨が降ってきた ,2013,8,2,17,3,5,214,30
 @jirolian 仙台10人 17:40 ,2013,7,30,17,40,2,211,30
 @jirolian 仙台 30名ほど不動産屋前まで 17:26 ,2013,7,27,17,26,6,208,29
 @jirolian 仙台二郎、助手だけで営業してるせいか、この時間なのに40人以上の並び。 今日は諦めた。 ,2013,7,27,14,19,6,208,29
 @jirolian 仙台29人待ち1415 ,2013,7,21,14,15,0,202,29
 @jirolian 仙台 11:08 開店前 16人ほど ,2013,7,20,11,9,6,201,28
 @jirolian 仙台 10:55 開店前 15人ほど並び ,2013,7,14,10,57,0,195,28
 @jirolian 仙台開店前１５人待ち 1125 ,2013,7,13,11,25,6,194,27
 @jirolian 仙台 20:10 待ち18 ,2013,7,12,20,12,5,193,27
 @jirolian 仙台 19:00待ち6 ,2013,7,11,19,0,4,192,27
 @jirolian 仙台 18:45 待ちなし ,2013,7,10,18,45,3,191,27
 @jirolian 仙台 18:15 待ち約30 ,2013,7,6,18,17,6,187,26
 @jirolian 仙台店 不動産屋前までの並び 1200 ,2013,7,6,12,1,6,187,26
 @jirolian 仙台店32名待ち 不動産屋前まで ,2013,7,6,11,54,6,187,26
 @jirolian 仙台 1108 開店前 15人ほど待ちです。 ,2013,7,6,11,9,6,187,26
 @jirolian 仙台 18:15 待ち15 ,2013,7,2,18,6,2,183,26
 @jirolian 仙台 開店前 ２５人程 1115 ,2013,6,30,11,17,0,181,26
 @jirolian 仙台 開店前 18人ほど 1120 ,2013,6,29,11,20,6,180,25
 @jirolian 仙台 18:25 待ち28 ,2013,6,27,18,25,4,178,25
 @jirolian 仙台 今日からつけ麺開始 材料の関係で数量限定とのこと ソースはメルマガ ,2013,6,26,17,18,3,177,25
 @jirolian 仙台 19:00 待ち12 ,2013,6,25,19,2,2,176,25
 @jirolian 仙台 19:15 待ち40 ,2013,6,22,19,17,6,173,24
 @jirolian 仙台 18:25 待ち20 ,2013,6,19,18,26,3,170,24
 @jirolian 仙台 21:10 待ち40 ,2013,6,14,21,11,5,165,23
 @jirolian 仙台 2155 閉店時間直前 30人ほど。 ,2013,6,14,20,59,5,165,23
 @jirolian 仙台 18:30 待ち13 ,2013,6,11,18,30,2,162,23
 @jirolian 仙台 18:25 待ち28 ,2013,6,8,18,26,6,159,22
 @jirolian 仙台 開店前 18名ほど 1110 ,2013,6,8,11,11,6,159,22
 @cubaapplehavana @jirolian 仙台二郎、つけ麺やってますか？ ,2013,6,4,18,36,2,155,22
 @jirolian 仙台 18:30 待ち15 ,2013,6,4,18,31,2,155,22
 @jirolian 仙台30人待ち ,2013,6,4,11,58,2,155,22
 @jirolian 仙台 13:15 待ち31  拾い物  http://via.me/-ciu8w76  ,2013,6,2,13,16,0,153,22
 @jirolian 仙台18:35現在、外待ち26。 ,2013,6,1,18,35,6,152,21
 @jirolian 仙台 18:55 待ち21 ,2013,5,31,18,57,5,151,21
 @jirolian 仙台 18:40 待ち4 ,2013,5,30,18,40,4,150,21
 @jirolian 仙台 18:10 待ち25 ,2013,5,28,18,13,2,148,21
 @jirolian 仙台28人 明日から3連休とのこと。ソースはメルマガ ,2013,5,24,19,58,5,144,20
 @jirolian 仙台 17:35 待ち15 ,2013,5,18,17,35,6,138,19
 @jirolian 仙台 開店前待ち 20人ほど。1120 ,2013,5,18,11,20,6,138,19
 @jirolian 仙台 18:50 待ち6 ,2013,5,17,18,49,5,137,19
 @jirolian 仙台 18:45 待ち12 ,2013,5,14,18,45,2,134,19
 .@jirolian 仙台店、20人待ち ,2013,5,12,12,7,0,132,19
 @jirolian 仙台３９人 1933 ,2013,5,10,19,33,5,130,18
 @jirolian 仙台 21:05 待ち10 ,2013,5,9,21,6,4,129,18
 @jirolian 仙台 18:20 待ち9 ,2013,5,8,18,20,3,128,18
 @jirolian 仙台 店満 並び2 ,2013,5,8,17,18,3,128,18
 @jirolian 仙台 18:10 待ち4 営業終了後に持ち帰り豚を販売とのこと ,2013,5,7,18,10,2,127,18
 @jirolian 仙台昼休業。ソースはメルマガ ,2013,5,7,13,28,2,127,18
 @jirolian 仙台　15人ぐらい外待ち　12:05 ,2013,5,5,12,6,0,125,18
 @jirolian 仙台店行ってきました。ようやく本州制覇でっす。2ヶ月前なら全店制覇と言えてたのに・・・先は長いぜ http://twitpic.com/cns0d7  ,2013,5,3,16,9,5,123,17
 @jirolian 仙台 開店前 15名ほど。1107 ,2013,5,3,11,7,5,123,17
 @jirolian 仙台二郎この時間でまだ並び20人強。意外と客ついてるんですな(笑) ,2013,5,2,20,34,4,122,17
 @jirolian 仙台 18:20 待ち16 ,2013,5,2,18,21,4,122,17
 @jirolian 仙台。待ち12くらい？遠征来ました(^o^)ちと緊張(^｡^;)1803。 ,2013,5,2,18,3,4,122,17
 @jirolian 仙台 18:30 待ち15 ,2013,5,1,18,30,3,121,17
 @jirolian 仙台店 30人 1242 ,2013,4,28,12,42,0,118,17
 @jirolian 仙台　18:35　待ちなし ,2013,4,24,18,34,3,114,16
 @jirolian 仙台店連休情報  4月29日(月)定休日 4月30日から5月4日まで通常営業 5月5日(日)通し営業 5月6日(月)定休日 ,2013,4,24,15,57,3,114,16
 @jirolian 仙台　18:15　待ち7 ,2013,4,23,18,15,2,113,16
 @jirolian 仙台　18:25　待ち5 ,2013,4,18,18,26,4,108,15
 @jirolian 仙台　18:25　待ち4 今日から鍋二郎開始とのこと ,2013,4,17,18,27,3,107,15
 @jirolian 仙台待ち４。 ,2013,4,16,13,39,2,106,15
 @jirolian 仙台、不動産屋前。25人くらい1256 ,2013,4,14,12,57,0,104,15
 @jirolian 仙台　19:00　待ち39 ,2013,4,9,19,2,2,99,14
 @jirolian 仙台　11:40　待ち30 ,2013,4,7,11,40,0,97,14
 @jirolian 仙台　19:05　待ち28 ,2013,4,5,19,4,5,95,13
 @jirolian 仙台　18:35　待ち1 ,2013,4,4,18,35,4,94,13
 @jirolian 仙台 夜の部 臨休 ソースメルマガ ,2013,4,3,19,13,3,93,13
 @jirolian 仙台待ちなしになりました。 ,2013,4,3,12,32,3,93,13
 @jirolian 仙台待ち１。雨。 ,2013,4,3,12,23,3,93,13
 @jirolian 仙台　18:35　待ち15 ,2013,4,2,18,36,2,92,13
 @jirolian 三田。来週の1週間は夜の部お休みらしいです。（Jrサンと常連客の話し）札幌手伝いと仙台に顔出し ,2013,3,28,20,3,4,87,12
 @jirolian 仙台　18:15　待ちなし ,2013,3,28,18,16,4,87,12
 @jirolian 仙台　18:35　待ち5 ,2013,3,27,18,37,3,86,12
 @jirolian 仙台　19:00　待ち18 ,2013,3,26,19,2,2,85,12
 @jirolian 仙台　18:00　待ち12 ,2013,3,24,18,0,0,83,12
 @jirolian 仙台店待ち１８人 1727 ,2013,3,23,17,27,6,82,11
 @jirolian 仙台12人待ち大小のみ ,2013,3,20,14,22,3,79,11
 @jirolian 仙台　18:35　待ち6 ,2013,3,19,18,35,2,78,11
 @jirolian 仙台18:52晴れ 並び15人豚アリ ,2013,3,17,18,52,0,76,11
 @jirolian 仙台、12人1640 ,2013,3,17,16,39,0,76,11
 @jirolian 仙台二郎 17人待ち ,2013,3,17,14,19,0,76,11
 @jirolian 仙台　18:15　待ちなし ,2013,3,16,18,17,6,75,10
 @jirolian 仙台　19:00　待ちなし ,2013,3,15,19,0,5,74,10
 @jirolian 仙台　18:50　待ち1 ,2013,3,14,18,50,4,73,10
 @jirolian 仙台　19:00　待ち14 ,2013,3,13,19,2,3,72,10
 @jirolian 仙台　18:40　待ち13 ,2013,3,12,18,39,2,71,10
 @jirolian 仙台　3/12（火）昼休業 ,2013,3,11,19,28,1,70,10
 @jirolian 仙台　17:10　待ちなし ,2013,3,10,17,12,0,69,10
 @jirolian 2008仙台20 ,2013,3,9,20,8,6,68,9
 @jirolian 1932仙台25 ,2013,3,9,19,32,6,68,9
 @jirolian 仙台　19:00　待ち10 ,2013,3,9,19,4,6,68,9
 @jirolian 仙台15人待ち1716 ,2013,3,9,17,16,6,68,9
 @jirolian 本日の仙台小豚ヤサイマシマシアブラ完飲完食をもちまして、直系38店舗全店制覇となりました。二郎bot並びに情報提供者の皆さま、ありがとうございました！ ,2013,3,9,13,43,6,68,9
 @jirolian 仙台約20人街 1158 ,2013,3,9,11,58,6,68,9
 @jirolian 仙台の様子はいかがでしょう？ ,2013,3,9,10,58,6,68,9
 @jirolian 仙台　19:10　待ち12 ,2013,3,8,19,11,5,67,9
 @jirolian 仙台　18:30　待ち7 ,2013,3,6,18,29,3,65,9
 @jirolian 1411仙台5 ,2013,3,6,14,11,3,65,9
 @jirolian 仙台　19:00　待ち13 ,2013,3,5,19,2,2,64,9
 @jirolian 仙台　17:45　待ち10 ,2013,3,3,17,44,0,62,9
 @jirolian 仙台二郎17人待ち ,2013,3,1,20,12,5,60,8
 @jirolian 仙台　18:50　待ち7 ,2013,3,1,18,50,5,60,8
 @jirolian 仙台二郎14人待ち ,2013,3,1,11,49,5,60,8
 @jirolian 仙台　18:25　待ち6 ,2013,2,28,18,25,4,59,8
 @jirolian 1414仙台3 ,2013,2,28,14,14,4,59,8
 @jirolian 1403仙台10 ,2013,2,28,14,3,4,59,8
 @jirolian 1257仙台20 ,2013,2,27,12,57,3,58,8
 @jirolian 1214仙台30 ,2013,2,27,12,14,3,58,8
 @jirolian 1209仙台20 ,2013,2,27,12,9,3,58,8
 @jirolian 1411仙台30 ,2013,2,26,14,11,2,57,8
 @jirolian 1403仙台20 ,2013,2,26,14,3,2,57,8
 @jirolian 仙台　本日は17:30までの営業 ,2013,2,24,17,2,0,55,8
 @jirolian 2020仙台10 ,2013,2,22,20,20,5,53,7
 @jirolian 2009仙台20 ,2013,2,22,20,10,5,53,7
 @jirolian 仙台　18:15　待ち3人 ,2013,2,22,18,15,5,53,7
 @jirolian 仙台二郎 待ち11人 1225 ,2013,2,22,12,25,5,53,7
 @jirolian 仙台二郎18人待ち ,2013,2,21,18,29,4,52,7
 @jirolian 仙台待ちなし1414 ,2013,2,21,14,14,4,52,7
 @jirolian 1742仙台6 ,2013,2,20,17,42,3,51,7
 @jirolian 1722仙台5 ,2013,2,20,17,22,3,51,7
 @jirolian 1831仙台15  食券はカウンターの上へb ,2013,2,19,18,31,2,50,7
 @jirolian 1810仙台15 ,2013,2,19,18,10,2,50,7
 @jirolian 1800仙台20 ,2013,2,19,18,0,2,50,7
 @jirolian 1750仙台15 ,2013,2,19,17,51,2,50,7
 @jirolian 仙台二郎6人待ちです ,2013,2,19,17,0,2,50,7
 @jirolian ラーメン二郎仙台店、外待ち17人です。 ,2013,2,17,12,15,0,48,7
 @jirolian 仙台　19:05　待ち10 ,2013,2,15,19,6,5,46,6
 @jirolian 1308仙台15 ,2013,2,13,13,8,3,44,6
 @jirolian 1306仙台10 ,2013,2,13,13,6,3,44,6
 @jirolian 仙台18人待ち ただいま開店 ,2013,2,13,11,35,3,44,6
 @jirolian 仙台シャッター待ち12人 ,2013,2,13,11,14,3,44,6
 @jirolian 2039仙台15 ,2013,2,12,20,39,2,43,6
 @jirolian 2021仙台12 ,2013,2,12,20,21,2,43,6
 @jirolian 仙台店、今日2月11日(月)はお休みです。シャッター閉まってました。 ,2013,2,11,13,8,1,42,6
 @shun16s @jirolian 仙台はバカ学生が多いですからね・・モラルはないですね ,2013,2,9,18,45,6,40,5
 @jirolian 仙台12人。1815行列でタバコ吸うなくそガキ ,2013,2,9,18,15,6,40,5
 @jirolian 仙台　18:30　待ち16 ,2013,2,8,18,36,5,39,5
 @jirolian 仙台　18:55　待ち17 ,2013,2,7,18,55,4,38,5
 @jirolian 仙台二郎18人待ち ,2013,2,7,18,34,4,38,5
 @jirolian 1245仙台1 ,2013,2,7,12,45,4,38,5
 @jirolian 1227仙台4 ,2013,2,7,12,27,4,38,5
 @jirolian 1210仙台12 ,2013,2,7,12,10,4,38,5
 @jirolian 仙台　18:00　待3 ,2013,2,6,18,3,3,37,5
 @jirolian 1354仙台9 ,2013,2,6,13,55,3,37,5
 @jirolian 1353仙台2 ,2013,2,6,13,53,3,37,5
 @jirolian 仙台　18:30　待ち7 ,2013,2,5,18,31,2,36,5
 @jirolian 1203仙台17 ,2013,2,5,12,3,2,36,5
 @jirolian 1129仙台20 ,2013,2,5,11,29,2,36,5
 @jirolian 1121仙台シャッター13 ,2013,2,5,11,21,2,36,5
 @jirolian 10:50仙台４人。全店制覇２巡目の旅。 ,2013,2,3,10,54,0,34,5
 @jirolian 仙台　18:55　待ち16 ,2013,2,2,18,58,6,33,4
 @jirolian マヂですかお？  S ひばりが丘 関内  A 小岩 めじろ 野猿  B 三田 小金井 相模大野 守谷 中山 千住 仙台 栃木  C 品川 府中 鶴見 一之江 上野毛 藤沢 西台 赤羽 神保町 桜台 高田馬場 ,2013,1,31,20,48,4,31,4
 @jirolian 仙台　19:00　待ち19 ,2013,1,31,19,2,4,31,4
 @jirolian 仙台　19:00　待ち12 ,2013,1,30,19,6,3,30,4
 @jirolian 1328仙台5 ,2013,1,30,13,29,3,30,4
 @jirolian 1305仙台7 ,2013,1,30,13,5,3,30,4
 @jirolian 仙台 並び無し 1815 ,2013,1,26,18,24,6,26,3
 @jirolian 仙台6人待ち １３１４ さむひ… ,2013,1,26,13,15,6,26,3
 @jirolian 仙台　18:10　15人待ち ,2013,1,25,18,13,5,25,3
 @jirolian 1812仙台12 ,2013,1,24,18,13,4,24,3
 @jirolian 仙台　19:10　待ち45人 ,2013,1,23,19,11,3,23,3
 @jirolian 仙台　19:00　臨時休業 ,2013,1,22,19,0,2,22,3
 @jirolian 出張ついでの仙台、夜の部休みの貼紙。楽しみにしてたのに…。 ,2013,1,22,18,29,2,22,3
 @jirolian 仙台　18:40　待ち15 ,2013,1,19,18,40,6,19,2
 @jirolian 2019仙台14 ,2013,1,18,20,19,5,18,2
 @jirolian 仙台　18:55　待ちなし ,2013,1,18,18,55,5,18,2
 @jirolian 1734仙台15 ,2013,1,17,17,34,4,17,2
 @jirolian 仙台二郎17人待ち ,2013,1,17,17,30,4,17,2
 @jirolian 1700仙台シャッター14 ,2013,1,17,17,0,4,17,2
 @jirolian 仙台　19:00　待ち8 ,2013,1,16,19,2,3,16,2
 【ラーメン二郎三十八箇所巡りその37仙台店-3】12:00現在、待ち17名。@jirolian ,2013,1,16,12,4,3,16,2
 @jirolian 仙台　19:05　待8 ,2013,1,15,19,8,2,15,2
 @jirolian 1809仙台8 ,2013,1,15,18,9,2,15,2
 @jirolian 1750仙台0 ,2013,1,15,17,50,2,15,2
 @jirolian 1220仙台3 ,2013,1,15,12,20,2,15,2
 おお、汁なし食いてー。 RT @k_nagare: @jirolian 1147仙台7、多分1st2ndロット入って未消化。そして今日限定で汁なしやりますとのこと！ ,2013,1,15,12,13,2,15,2
 @jirolian 1147仙台7、多分1st2ndロット入って未消化。そして今日限定で汁なしやりますとのこと！ ,2013,1,15,11,48,2,15,2
 @jirolian 仙台　17:10　待ち12 ,2013,1,13,17,11,0,13,2
 @jirolian 仙台30人くらい待ち ,2013,1,13,13,42,0,13,2
 @jirolian  18:25　仙台　待ち19 ,2013,1,10,18,25,4,10,1
 @jirolian 仙台20人。寒い1750 ,2013,1,10,17,50,4,10,1
 @jirolian  18:45　仙台　待ち9 ,2013,1,9,18,55,3,9,1
 @jirolian  18:20　仙台　待ち37 ,2013,1,8,18,22,2,8,1
 @jirolian 1804仙台35 ,2013,1,8,18,6,2,8,1
 @jirolian 二郎仙台店約50人。18時 ,2013,1,8,18,1,2,8,1
 @jirolian 1733仙台35 ,2013,1,8,17,33,2,8,1
 @jirolian 1709仙台1st2ndロット入店直後なのに並び25くらい、やはり年初は混みますね…(´Д` ) ,2013,1,8,17,9,2,8,1
 @jirolian 仙台二郎、お土産豚は終了。麺はまだあるそうです。皆さん良いお年を。 ,2012,12,30,18,20,0,365,53
 @jirolian 仙台メルマガ配信なう、以下コピペ。  麺と豚販売のお客様お待たせして申し訳ありません。麺と豚を持ち帰る袋をご持参下さいませ。 価格は麺1玉100円 豚肉値上がりの影響もありまして、今回は1本1200円でお願い致します。 毎度バタバタしてすみません。 ,2012,12,30,17,37,0,365,53
 @jirolian 1732仙台宣告。土産専用列35〜40くらい。通常列もまだ20〜25いるので、土産の発売開始も18時からズレこむのでは、と予想。 ,2012,12,30,17,34,0,365,53
 @jirolian 17時半仙台二郎15人くらい待ち。豚麺列は30人以上 ,2012,12,30,17,31,0,365,53
 @jirolian 1726仙台土産専用列25〜30くらい、発売18時からとの噂 ,2012,12,30,17,26,0,365,53
 @jirolian 仙台二郎、17時並び30人くらい、豚&麺の並び15人くらい。 ,2012,12,30,17,2,0,365,53
 @jirolian 仙台16:35、店外30人OVER!! ,2012,12,30,16,37,0,365,53
 @jirolian 仙台　13:00　待ち23 ,2012,12,30,13,7,0,365,53
 @jirolian 仙台16人くらい 1147 ,2012,12,29,11,47,6,364,52
 @jirolian 1942仙台17くらい ,2012,12,28,19,42,5,363,52
 @jirolian 1927仙台8 ,2012,12,28,19,27,5,363,52
 @jirolian 仙台　18:10　待ち13 ,2012,12,28,18,14,5,363,52
 @jirolian 仙台　19:00　待ち16 ,2012,12,27,19,6,4,362,52
 @jirolian 仙台　18:30　待ち3 ,2012,12,27,18,32,4,362,52
 @jirolian 仙台35人待ち ,2012,12,27,13,5,4,362,52
 @jirolian 仙台30人待ち1235 ,2012,12,27,12,40,4,362,52
 @jirolian 1919仙台5 ,2012,12,25,19,19,2,360,52
 @jirolian 1856仙台0非リア充万歳(´Д` ) ,2012,12,25,18,56,2,360,52
 @jirolian  18:30　仙台　待2 ,2012,12,25,18,32,2,360,52
 @jirolian 　仙台　1845　15人 ,2012,12,23,18,48,0,358,52
 @jirolian 二郎仙台店20人待ち ,2012,12,22,14,0,6,357,51
 @jirolian 仙台 並び15人くらい  1350 なるべく端によって並びましょう 歩道の幅 半分まで占拠して通行の妨げになっています ,2012,12,22,13,49,6,357,51
 @jirolian 仙台 1119 24人くらい並び 雪降り、寒いよー ,2012,12,22,11,20,6,357,51
 @jirolian 　仙台　1840　待ち7 ,2012,12,21,18,42,5,356,51
 @jirolian  こんにちは！ ラーメン二郎仙台店です！  皆様のショウガ、メンマシ募金が南三陸の保育 園への少し早いクリスマスプレゼント(子供達の オモチャなど)になりました。 昨日保育園からお手紙を頂きまして、驚きまし た。 ,2012,12,21,16,6,5,356,51
 @jirolian 仙台シャッター待ち19人1133 ,2012,12,21,11,33,5,356,51
 @jirolian 　仙台　18:30　待ち9 ,2012,12,20,18,33,4,355,51
 @jirolian 仙台19:05　13人待ち ,2012,12,19,19,5,3,354,51
 @jirolian 1749仙台16 ,2012,12,19,17,49,3,354,51
 @jirolian 1724仙台15くらい、豚いつにもましてうまかった ,2012,12,18,17,24,2,353,51
 @jirolian 1705仙台まだシャッター20くらいに増強 ,2012,12,18,17,5,2,353,51
 @jirolian 1657仙台シャッター13に増強 ,2012,12,18,16,57,2,353,51
 @jirolian 1649仙台シャッター6 ,2012,12,18,16,50,2,353,51
 @jirolian 仙台25人待ち ページェントの影響か周辺駐車場満車だらけ。 ,2012,12,14,20,27,5,349,50
 @jirolian 仙台 並び２０人くらい  2002 なるべく歩道の端に寄って並びましょう ,2012,12,14,20,3,5,349,50
 @jirolian 仙台待ちなし。女性率多い。 ,2012,12,14,13,12,5,349,50
 @jirolian 1726仙台3ロット目が入店し始めて並び5 ,2012,12,13,17,27,4,348,50
 @jirolian 1710仙台1かな ,2012,12,13,17,10,4,348,50
 @jirolian 1703仙台未だシャッター12に増強 ,2012,12,13,17,4,4,348,50
 @jirolian 1649仙台シャッター6 ,2012,12,13,16,49,4,348,50
 恐るべし(；´Д`A RT @jirolian: RT @raou_tuber: @jirolian 仙台 25人待ち。恐るべし(^_^;) ,2012,12,12,19,22,3,347,50
 @jirolian 仙台待ち9 1208 うまかった…格別に…一つの旅が終わった（爆 ,2012,12,12,12,9,3,347,50
 @jirolian 仙台シャッター前11。 本日ついに38店舗制覇ｗｗｗｗｗ感無量！ ,2012,12,12,11,24,3,347,50
 @jirolian 1802仙台10 ,2012,12,9,18,3,0,344,50
 @jirolian 1736仙台10 ,2012,12,9,17,36,0,344,50
 @jirolian 仙台 16人ほど 雪降りのため傘持ってきたほうがいいよ。寒いよ。 ,2012,12,9,11,11,0,344,50
 @jirolian 仙台店20人待ち、小、大のみ ,2012,12,8,13,43,6,343,49
 @jirolian 1353仙台10 ,2012,12,7,13,54,5,342,49
 @jirolian 仙台二郎28人待ち ,2012,12,6,19,46,4,341,49
 @jirolian 仙台二郎 待ち7人 ,2012,12,6,17,16,4,341,49
 @jirolian 仙台待ちなしです！ ,2012,12,6,12,36,4,341,49
 @jirolian仙台シャッター待ち14人 1125 ,2012,11,30,11,25,5,335,48
 @jirolian仙台13人待ち 豚売り切れ 2037 ,2012,11,28,20,37,3,333,48
 @jirolian ラーメン二郎仙台店15人待ちくらい ,2012,11,28,12,25,3,333,48
 @jirolian 1351仙台5 ,2012,11,27,13,52,2,332,48
 @jirolian 仙台。32人待ち。休日だからって並ぶなぁ ,2012,11,25,11,54,0,330,48
 @jirolian 仙台10人、1930、邪魔になるので、歩道の真ん中側にふくらまないで並びましょう ,2012,11,22,19,31,4,327,47
 @jirolian仙台12人待ち 1721 ,2012,11,21,17,21,3,326,47
 @jirolian 仙台 空席５ 1940 ,2012,11,17,19,41,6,322,46
 @jirolian 仙台 開店着席後 並び10人ほど。結構寒いです。 ,2012,11,17,11,37,6,322,46
 @jirolian 1735仙台2 ,2012,11,16,17,36,5,321,46
 @jirolian 1815仙台0 ,2012,11,13,18,16,2,318,46
 @jirolian 1802仙台5 ,2012,11,13,18,2,2,318,46
 @jirolian 1745仙台10 ,2012,11,13,17,45,2,318,46
 @jirolian 仙台二郎13人待ち、未就学児連れ夫婦いるが正気か。 ,2012,11,10,14,33,6,315,45
 @jirolian 仙台 開店時待ち 30人ほど。不動産屋さん前まで。 ,2012,11,10,11,36,6,315,45
 @jirolian 1841仙台15 ,2012,11,8,18,41,4,313,45
 @jirolian 仙台二郎30人待ちくらい 限定キムチ ,2012,11,7,19,18,3,312,45
 @jirolian 仙台二郎22人待ち ,2012,11,6,19,38,2,311,45
 @jirolian 1936仙台並び20くらいに増強(´Д` ) ,2012,11,6,19,36,2,311,45
 @jirolian 仙台 並び15人ほど。雨は今は降ってません。 ,2012,11,6,19,31,2,311,45
 @jirolian 仙台、雨、待ちなし。 ,2012,11,6,13,22,2,311,45
 @jirolian 仙台。ガスが調子悪いとかで、開店が20分ほど遅れるとのことで、開店前行列が50人規模、横断歩道を越えそうな勢い。ってか、臨休とかになんないよね(--;) ,2012,11,4,11,46,0,309,45
 @jirolian 仙台、開店前で20人オーバー。土日のこの時間は混むな、当たり前だけど。 ,2012,11,4,11,19,0,309,45
 @jirolian 仙台 開店20分前 8人ほど。 ,2012,11,3,11,12,6,308,44
 仙台の方、チャンス！ RT @yukirenshu: @jirolian 仙台店並び0人1940 ,2012,10,31,19,57,3,305,44
 @jirolian 仙台店並び0人1940 ,2012,10,31,19,45,3,305,44
 @jirolian 仙台 約20人ほど。昼の部臨休だつたので込んでるね。 ,2012,10,30,20,29,2,304,44
 @jirolian 仙台二郎22人待ち ,2012,10,30,17,54,2,304,44
 @jirolian 仙台 開店30分前 10人ほど ,2012,10,27,11,5,6,301,43
 @jirolian 1927仙台10人 ,2012,10,24,19,27,3,298,43
 @jirolian 仙台 12人ほど並び。開店一周年おめでとうございます！ ,2012,10,23,20,34,2,297,43
 @jirolian   昨日は仙台二郎 初めて食べたが、美味しかった！ 正直期待してなかったので嬉しい驚き！ 夜にならないと胃の調子が上がらない為、スープを残したのが悔やまれる。この一杯に遠征する価値あり☆☆☆ ,2012,10,21,13,24,0,295,43
 @jirolian 仙台の並びはどんなもんでしょうか。 ,2012,10,21,11,50,0,295,43
 @jirolian 1935仙台35くらい ,2012,10,20,19,35,6,294,42
 @jirolian 1928仙台25人くらい ,2012,10,20,19,28,6,294,42
 @jirolian 仙台は並びどうですか？ ,2012,10,20,17,12,6,294,42
 @jirolian 仙台 30人ほど待ち ,2012,10,20,14,16,6,294,42
 @jirolian 仙台二郎初食します。仙台の皆様よろしくお願いします。17人待ち 1106 ,2012,10,20,11,6,6,294,42
 @jirolian 20時07分、仙台ならび35人くらい ,2012,10,19,20,7,5,293,42
 @jirolian 戦国時代に二郎があったら各大名の勢力図変わってた気がする｡当時｢金山あるから･温泉あるから｣という理由でその地を欲しがった様に､｢仙台美味じゃから伊達から奪え｣とか｢何としても今宵中に品川を奪い還すんじゃ!｣とか｡で､どの大名もｽﾙｰの荻窪(笑) ,2012,10,17,20,7,3,291,42
 @jirolian 19時46分、仙台ならび0に ,2012,10,17,19,46,3,291,42
 @jirolian 19時42分、仙台ならび6人 ,2012,10,17,19,43,3,291,42
 @jirolian 仙台 約25人待ち 不動産屋前まで。 ,2012,10,16,18,21,2,290,42
 @jirolian 仙台店、１９時３０分までの営業と連絡ありました。 ,2012,10,14,18,1,0,288,42
 @jirolian 仙台店旨かったワ☆現在20くらいの待ち～ http://p.twipple.jp/08TcP  ,2012,10,13,13,34,6,287,41
 @jirolian 仙台店25ちょい ,2012,10,13,12,44,6,287,41
 @jirolian 仙台 シャッター待ち 20人ほど。いい天気です。 ,2012,10,13,11,22,6,287,41
 @jirolian 仙台店、18時51分現在ならび35人くらい…orz ,2012,10,10,18,51,3,284,41
 @jirolian @iououa 結構いますね。路駐チャリもですがぶっ飛ばして走る中坊、高校生のチャリも危ない(>_<)仙台二郎のチャーシュー、少しシナイ（堅い）ですよ。 ,2012,10,9,20,42,2,283,41
 @jirolian 仙台 18名ほど待ち 路駐のチャリが邪魔くさ(；´Д｀) ,2012,10,9,20,20,2,283,41
 @jirolian 仙台二郎待機何人ですか？ ,2012,10,7,13,12,0,281,41
 @jirolian @k_nagare 滅多にない現象ですね。でも仙台店は回転がうまいと思います。 ,2012,10,6,20,25,6,280,40
 @jirolian 仙台、20時13分現在待ちゼロ！土曜日夜でこれはめずらしい♪ ,2012,10,6,20,13,6,280,40
 @jirolian 現在仙台二郎13人待ち ,2012,10,4,16,21,4,278,40
 @jirolian 仙台並び25くらいに(´Д` ) ,2012,10,3,20,22,3,277,40
 @jirolian 仙台並び5人くらいです ,2012,10,3,20,7,3,277,40
 @jirolian 仙台店から入電。 つけ麺夜から再開します。  仙台市内だいぶ寒くなってまいりました。風邪などひかれませんよう、ニンニク、ショウガ、カロリーの摂取にラーメン二郎いかがでしょうか？ 御来店お待ちしております！ ,2012,10,3,16,2,3,277,40
 @jirolian 仙台店より入電。ラーメン二郎仙台店です。10月8日は祝日ですがお休みです。以前メルマガでもお伝えしましたが月曜日は食材の都合上基本的にはお休みです。つけ麺ですが材料の都合でお休みしてます。材料入り次第再開します。再開後他の材料がなくなり次第今年は終了です。 ,2012,10,2,18,7,2,276,40
 だって奇跡のぢろりあん♪(謎 RT @drhirame: 関東地方の二郎(@jirolian)が早仕舞する中、仙台店だけが通常営業ということで、二郎を食いたい人はいまから仙台に行くといいのでは…と一瞬だけ思った ,2012,9,30,20,27,0,274,40
 関東地方の二郎(@jirolian)が早仕舞する中、仙台店だけが通常営業ということで、二郎を食いたい人はいまから仙台に行くといいのでは…と一瞬だけ思った ,2012,9,30,16,25,0,274,40
 @jirolian 仙台店からです。 台風まだまだ来ないみたいなので、通常の日曜日営業となります。  この時間暇ですので、お客様の御来店お待ちしております。 ,2012,9,30,16,17,0,274,40
 @jirolian 仙台店からメルマガきました。客席に風雨が入り込む程ひどい場合、早期閉店の可能性がございます。(17時30分から18時) 御来店予定のお客様はお早めにお越し下さいませ。との事です。 ,2012,9,30,11,39,0,274,40
 @jirolian 仙台店実食中ら。美味い。 ,2012,9,28,18,52,5,272,39
 @jirolian 仙台店、１６人待ち。一気に増えたＷ ,2012,9,28,18,25,5,272,39
 @jirolian これから仙台店に向かうなうです。 ,2012,9,28,18,7,5,272,39
 @jirolian お疲れ様です。仙台店の普段の状況を教えて下さいm(__)m ,2012,9,27,12,3,4,271,39
 @jirolian どなたか仙台店の情報下さいm(__)m ,2012,9,26,12,2,3,270,39
 @jirolian 無知ですみません。仙台店は普段はどんな感じの混み具合ですか？ ,2012,9,26,11,6,3,270,39
 @jirolian 仙台店 現在 待ち1人 ,2012,9,23,15,27,0,267,39
 @jirolian 仙台待ち11名。 ,2012,9,18,12,49,2,262,38
 . @jirolian 13:30仙台店20人待ちくらい。 ,2012,9,15,13,30,6,259,37
 @jirolian 仙台 12人ほど。 ,2012,9,12,20,33,3,256,37
 @jirolian 仙台もうすぐ閉店 待ちなし ,2012,9,11,20,36,2,255,37
 @jirolian 仙台店20人以上待ち。 ,2012,9,9,18,33,0,253,37
 @jirolian 　今週、仙台店に行く予定ですが！まだ、つけ麺やってますか？？知ってる人がいたら教えてください。お願いします。 ,2012,9,9,13,39,0,253,37
 @jirolian 仙台開店前、40人近くまで増加 ,2012,9,8,11,13,6,252,36
 @jirolian 仙台開店前40人くらい ,2012,9,2,11,28,0,246,36
 @jirolian 仙台 シャッター25越え不動産屋前まできてる ,2012,9,1,11,23,6,245,35
 @jirolian 仙台開店前待ち16人 ,2012,9,1,10,57,6,245,35
 @jirolian 仙台12人待ち ,2012,8,31,19,57,5,244,35
 @jirolian 仙台待ち14人。 ,2012,8,31,11,51,5,244,35
 @jirolian 仙台 13人ほど待ち 流れはいい感じ。 ,2012,8,30,20,21,4,243,35
 @jirolian 仙台二郎10人待ち ,2012,8,29,18,32,3,242,35
 @jirolian 仙台5人まち。新人客多し。 ,2012,8,29,12,40,3,242,35
 @jirolian 仙台 つけ麺再開したみたい ,2012,8,26,11,36,0,239,35
 @jirolian 仙台待ち16 11:14 ,2012,8,26,11,14,0,239,35
 @jirolian 仙台 晴れ 開店前 15人ほど ,2012,8,26,11,12,0,239,35
 @jirolian 仙台店約十人待ち　あと釣りレバーが故障中（時間が経てばお釣りはでる） ,2012,8,22,20,21,3,235,34
 行く気無くなるわｗｗｗ RT @cladonica: @jirolian 仙台、40人待ち。 ,2012,8,21,14,41,2,234,34
 @jirolian 仙台店、だいたい20人待ち。 ,2012,8,21,13,15,2,234,34
 @jirolian 仙台 不動産屋前まで 約30人か。暑いよ。 ,2012,8,21,12,1,2,234,34
 @jirolian 仙台、40人待ち。 ,2012,8,21,11,58,2,234,34
 @jirolian 仙台 開店前 15人ほど ,2012,8,21,11,0,2,234,34
 @jirolian 仙台 約30人待ち、不動産屋越えるくらい。 ,2012,8,12,12,4,0,225,33
 @jirolian 仙台店。つけ麺は昨日で終了とのこと。 ,2012,8,12,11,29,0,225,33
 @jirolian 仙台 夜に麺と豚の販売をするそうです。詳細はメルマガで。明日から来週月曜まで8連休です。 ,2012,8,12,11,6,0,225,33
 @jirolian 仙台 10人くらい ,2012,8,12,11,1,0,225,33
 仙台なう。開店前なのに17人って？平日なのに？夏休みだから？@jirolian ,2012,8,10,11,22,5,223,32
 @jirolian 仙台二郎メルマガより。 「店内にジョジョ展のチケットが一枚落ちてました！ プレミアチケットになってるので、お心当たりのある方店員にお申し付けください」とのことです。 ,2012,8,8,21,49,3,221,32
 @jirolian 店内にジョジョ展のチケットが一枚落ちてました！ プレミアチケットになってるので、お心当たりのある方店員にお申し付けください。 (仙台店メルマガより転載) ,2012,8,8,21,47,3,221,32
" ""@lucky_land18: @jirolian 仙台二郎 待ち16 1154"" ",2012,8,8,12,8,3,221,32
 @jirolian 仙台二郎 待ち16 1154 ,2012,8,8,11,54,3,221,32
 @jirolian 仙台 空き1 ,2012,8,7,17,53,2,220,32
 仙台遠征のメイン目的、仙台二郎着。開店待ち7人 @jirolian ,2012,8,5,10,54,0,218,32
 @jirolian 仙台 15人くらいの待ち ,2012,8,4,11,14,6,217,31
 @jirolian 仙台店、茨城守谷店、栃木街道店の夏季休業の日程わかる方いますか？ ,2012,7,30,10,6,1,212,31
 @jirolian 仙台店、茨城守谷店、栃木街道店の夏季休業の日程ってわかりますか？ ,2012,7,29,15,42,0,211,31
 @jirolian 仙台量多い＿|￣|○ 味はなんかのぺっとした感じかな、味のキレがないというか、豚さん柔らかく生姜トッピング美味しかった ,2012,7,29,14,2,0,211,31
 @jirolian 仙台二郎14人待ち。暑い！ ,2012,7,29,12,59,0,211,31
 @jirolian あー遠い仙台二郎到着 ,2012,7,29,12,52,0,211,31
 @jirolian 仙台やってますか？ ,2012,7,29,12,9,0,211,31
 @jirolian 仙台二郎30人待ち。こんなに並んでるのは久々 ,2012,7,25,18,34,3,207,30
 @jirolian 仙台、夜の部、休みかも!? 体調を早く良くして、ぜひ開いて欲しい。 ,2012,7,24,12,38,2,206,30
 @jirolian 二郎仙台店約40人待ち ,2012,7,18,20,8,3,200,29
 @jirolian 全店舗制覇まであと4店（仙台・栃木・大久保・松戸）、今年中にいけるかな？　仙台どうしよう(；´Д｀) ,2012,7,14,15,27,6,196,28
 @jirolian 仙台 すぐ入れます ,2012,7,6,12,32,5,188,27
 @jirolian うぉー、仙台でつけ麺始めてるやないの。どやさ。でも、心の準備をしてなかったから、当初通りに、小に生卵で。 ,2012,7,5,20,8,4,187,27
 ぐぬぬ……食いたい！RT @dj_xavil: 多分今日から仙台二郎つけめん始まってました、夜のみだそうです。とりあえず暑い内はやるとのこと @jirolian ,2012,7,4,18,30,3,186,27
 @jirolian 仙台待ち12。 ,2012,6,29,13,5,5,181,26
 @jirolian 仙台10人ちょっと ,2012,6,24,18,46,0,176,26
 @jirolian 仙台二郎待ち30人くらい。1733 ,2012,6,23,17,33,6,175,25
 仙台二郎！ @jirolian #ラーメン二郎総選挙 ,2012,6,6,22,10,3,158,23
 @jirolian 仙台 #ラーメン二郎総選挙 ,2012,6,6,21,50,3,158,23
 仙台店約二十人並び @jirolian ,2012,6,1,20,19,5,153,22
 @jirolian 仙台 空席2 17:07 ,2012,5,23,17,8,3,144,21
 @jirolian 仙台、11人待ち。平日の夕方、雨。こんなもんか？普段は決してつぶやきませんがぁ～ ,2012,5,22,17,39,2,143,21
 @jirolian 仙台16人 ,2012,5,20,18,2,0,141,21
 @jirolian 仙台25-30 1900 ,2012,5,12,19,1,6,133,19
 @jirolian　仙台5人待ち。あと30分 ,2012,5,8,11,6,2,129,19
 @jirolian 仙台40人くらいヽ((≡ຶ⚲͜≡ຶ))ノ 1310 ,2012,5,5,13,10,6,126,18
 @jirolian ラーメン二郎1次仙台店 約50人待ち ,2012,5,4,12,22,5,125,18
 スゲ RT @tkymysts: @jirolian 仙台外待ち12〜3人。私事ですがこれで二郎全店訪問達成です。五年三ヶ月かかりました。このアカウントにもお世話になりました。ありがとうございます！ ,2012,5,2,18,33,3,123,18
 すばらしい！ RT @tkymysts: @jirolian 仙台外待ち12〜3人。私事ですがこれで二郎全店訪問達成です。五年三ヶ月かかりました。このアカウントにもお世話になりました。ありがとうございます！ ,2012,5,2,14,12,3,123,18
 @jirolian 仙台外待ち12〜3人。私事ですがこれで二郎全店訪問達成です。五年三ヶ月かかりました。このアカウントにもお世話になりました。ありがとうございます！ ,2012,5,2,14,10,3,123,18
 @jirorian2625 @jirolian 仙台店は3日は休み、4日は通し営業みたいですよ。 ,2012,4,30,18,37,1,121,18
 @jirolian 5/3-4の仙台二郎、営業してるか教えてください！ ,2012,4,30,18,1,1,121,18
 @jirolian 仙台店ではトッピングにショウガなんてあるの？！半分以上食べてから知ったわ･･･ ,2012,4,28,20,47,6,119,17
 @jirolian 二郎仙台店約２０人並び ,2012,4,28,19,45,6,119,17
 @jirolian 仙台 外 待ち0 中 満席 18:25現在 ,2012,4,27,18,25,5,118,17
 情報ありがとうございます☆ RT @mar_fun: メルマガに1日は休みと書いてなかったので営業してると思いますよ！ QT @hide5ng: @jirolian 仙台店のGW営業が気になります！１日に遠征なのです。どなたか情報をお寄せ下さい。よろしくお願いしますm(_ _)m ,2012,4,26,12,21,4,117,17
 @jirolian 仙台店のGW営業が気になります！１日に遠征なのです。どなたか情報をお寄せ下さい。よろしくお願いしますm(_ _)m ,2012,4,26,11,42,4,117,17
 @jirolian 仙台二郎ただいま8人まち ,2012,4,20,19,35,5,111,16
 @jirolian 仙台七人待ち。 ,2012,4,12,12,17,4,103,15
 @jirolian 仙台15人 ,2012,4,11,20,20,3,102,15
 @jirolian 仙台 外15人 待ち(11:55現在) ,2012,4,11,11,55,3,102,15
 @jirolian 仙台12人待ち、開店まであと15分。 ,2012,4,10,11,16,2,101,15
 @jirolian 仙台二郎、開店前。約20人。 ,2012,4,7,16,58,6,98,14
 @jirolian 仙台二郎50人並び。雪降ってます。 ,2012,4,7,11,42,6,98,14
 @jirolian 仙台待ちなし。雨。 ,2012,4,3,13,23,2,94,14
 @jirolian 仙台、この時間で、10人弱。雨のせいかなー。 ,2012,3,31,12,13,6,91,13
 @jirolian 仙台3人待ち ,2012,3,23,12,11,5,83,12
 仙台3人@jirolian ,2012,3,20,16,28,2,80,12
 @jirolian 仙台20人くらい ,2012,3,18,11,23,0,78,12
 @jirolian 仙台開店前で既に18人待ち ,2012,3,18,11,16,0,78,12
 @jirolian 仙台待ち0 ,2012,3,17,17,10,6,77,11
 RT @yusacchi: @jirolian ラーメン二郎仙台店です。材料の発注を間違えてしまったため、急遽なのですが、明日15日も臨時休業とさせて頂きます。御来店予定でしたお客様、誠に申し訳ございません。今後、こういった事の無いように気をつけます。(メルマガより) ,2012,3,14,21,39,3,74,11
 @jirolian ラーメン二郎仙台店です。材料の発注を間違えてしまったため、急遽なのですが、明日15日も臨時休業とさせて頂きます。御来店予定でしたお客様、誠に申し訳ございません。今後、こういった事の無いように気をつけます。(メルマガより) ,2012,3,14,21,36,3,74,11
 @jirolian 仙台20は超えた ,2012,3,14,11,23,3,74,11
 @jirolian 仙台12人待ちなう。 ,2012,3,14,11,10,3,74,11
 @jirolian 仙台4人待ちなう。 ,2012,3,14,10,50,3,74,11
 @jirolian 仙台待ち15人くらい。 ,2012,3,9,13,40,5,69,10
 @jirolian 赤羽に初訪問。狭い通路の背後に並ばれると圧迫感があるね。次は雪が降らなくなったら仙台へ挑戦。ところで松戸はどうなるのかな？ ,2012,3,7,22,10,3,67,10
 @jirolian 仙台、待ち二人。 ,2012,3,6,13,50,2,66,10
 @jirolian 仙台、13日臨時休業 ,2012,3,1,11,44,4,61,9
 @jirolian 仙台 開店前およそ20人 ,2012,3,1,11,24,4,61,9
 仙台、気付いたら20人待ち。@jirolian ,2012,2,29,11,34,3,60,9
 やってまいりました。仙台二郎。開店前3人待ち @jirolian (at ラーメン二郎 仙台店) [pic] — http://path.com/p/4axsv1  ,2012,2,29,11,3,3,60,9
 .@jirolian 仙台店、雪の中、並び10にんちょい。さすがに雪だと、土日でもすかなめか。 http://yfrog.com/h07hqoeaj  ,2012,2,25,11,48,6,56,8
 @jirolian 仙台店 17人 1305 ,2012,2,22,13,4,3,53,8
 @jirolian 超うまかったーーー。仙台店 7人まちっす。1215 ,2012,2,21,12,15,2,52,8
 @jirolian 今日の三田は、総帥、いつもの2人の助手さんと仙台店店主原田さん来訪中！総帥がかなりご機嫌です(^O^) ,2012,2,20,14,47,1,51,8
 @jirolian 仙台34人待 18:00 ,2012,2,18,18,1,6,49,7
 @jirolian 仙台、20人待ち。寒い。 ,2012,2,18,17,45,6,49,7
 @jirolian 仙台店 店外約30人待ち。寒い ,2012,2,18,17,41,6,49,7
 @jirolian 仙台1113 並びは30人位。 ,2012,2,11,11,14,6,42,6
 @jirolian 仙台1050 並び9人。意外と暖かい。 ,2012,2,11,10,50,6,42,6
 @jirolian 仙台店 19日、20日休業。 明日は祝日なので11時半〜19時半までの通し営業。 メルマガより ,2012,2,10,10,48,5,41,6
 @jirolian 仙台5人待ち ,2012,2,4,17,40,6,35,5
 @jirolian 仙台店 夜の部開店15分前3人。ゆかりんのライブが始まるので王国民は自分一人です。 ,2012,2,4,16,44,6,35,5
 @jirolian 仙台店20人待ち ゆかり王国民マシマシ ,2012,2,4,13,36,6,35,5
 @jirolian 仙台19人 ,2012,2,3,11,28,5,34,5
 @jirolian 仙台店 本日夜の部休業。2月5日(日)、6日(月)は休業。 メルマガより ,2012,2,2,17,31,4,33,5
 @jirolian 仙台 夜の部休み メルマガより ,2012,2,2,15,24,4,33,5
 @jirolian 仙台店 雪の影響で本日は12時から開店するとのこと。天候次第では夜は休業するかもしれないそうです。 なお、悪天候でお客様が減って暇になると思うので、悪天候にめげずにぜひお越しくださいとのことですｗ メルマガより ,2012,2,2,12,18,4,33,5
 @jirolian ラーメン二郎 仙台店 水道が復旧しましたので、時間通り開店致します。 東北の冬を甘く見ておりました。 寒いので、お気をつけてお越し下さいませ。m(_ _)m ,2012,1,31,10,22,2,31,5
 @jirolian 二郎仙台店19人待ち。1659 ,2012,1,28,16,59,6,28,4
 @jirolian 今、仙台二郎前に酒飲んでくだまいてるオッサンがいるので注意。店長さん苦笑い ,2012,1,20,13,10,5,20,3
 @jirolian 仙台、外に20人程度待ち ,2012,1,20,12,41,5,20,3
 @jirolian 仙台7人 ,2012,1,13,13,57,5,13,2
 @jirolian 仙台店 5人 1328 ,2012,1,12,13,28,4,12,2
 @jirolian 仙台8人待ち ,2012,1,11,13,27,3,11,2
 @jirolian 仙台 7人 1210現在 ,2012,1,11,12,10,3,11,2
 @jirolian 仙台、待ち無し。寒いけど、チャンス。 ,2012,1,9,17,22,1,9,2
 @jirolian 仙台店13人くらい1630 ,2012,1,8,16,30,0,8,2
 並びすぎ…  RT @jirolian: RT @jamayawa: @jirolian 仙台50人程度の並び… ,2012,1,7,16,43,6,7,1
