day,temp_h,temp_l,prec,weat_d,weat_n
2012/1/1,6,-2.3,0,晴時々曇,晴
2012/1/2,10.4,-0.7,0,晴一時曇,晴一時雪
2012/1/3,6.4,-1.2,0,晴,曇時々晴
2012/1/4,4.3,-2.7,0,曇時々雪一時晴,晴時々雪
2012/1/5,3.2,-1.5,0,晴時々雪,晴
2012/1/6,4.1,-0.8,0,曇一時晴,曇時々晴
2012/1/7,5.3,-2.8,0,晴,晴時々雪
2012/1/8,4.9,-0.8,0,晴,曇
2012/1/9,5.6,-2.8,0,曇後晴,晴一時曇
2012/1/10,5.5,-0.8,0,晴,曇後雪
2012/1/11,2.4,-3.7,2.5,雪時々晴,曇時々晴
2012/1/12,1.7,-3.8,0,晴一時雪,晴後一時雪
2012/1/13,2.8,-3.5,0,雪後時々晴,晴
2012/1/14,2.2,-2.5,0,晴,晴一時雪
2012/1/15,3.8,-2.2,0,晴,晴後一時薄曇
2012/1/16,3,-3,0,曇一時晴,曇
2012/1/17,4.8,-2,0,曇時々雪後晴,晴
2012/1/18,8.4,-2.7,0,晴,晴一時曇
2012/1/19,6.6,-0.8,0,晴後薄曇,曇
2012/1/20,4.3,0.9,0,曇,曇時々雪
2012/1/21,2.6,-0.7,8,雪時々みぞれ一時雨,雪一時みぞれ
2012/1/22,5,0.4,11,雨一時みぞれ後曇,晴一時曇
2012/1/23,6.2,-0.5,0,曇時々晴,晴一時曇
2012/1/24,3.4,-2.7,0,晴,曇時々晴一時雪
2012/1/25,1.6,-4,0,晴一時曇,晴一時曇
2012/1/26,1.1,-4.7,0,晴後雪,雪
2012/1/27,-1.5,-3.4,1,雪,雪
2012/1/28,0.5,-6.6,0,晴,快晴
2012/1/29,1.4,-7,0,晴一時曇,晴
2012/1/30,2.8,-6,0,晴,晴後一時雪
2012/1/31,0.3,-4.7,0,雪,晴一時雪
2012/2/1,5.9,-5.5,0,雪時々曇後晴,晴後時々雪
2012/2/2,0,-3.5,4.5,雪後時々曇,晴
2012/2/3,1.9,-7.4,0,晴,曇一時晴
2012/2/4,4.5,-4.5,2,雪一時晴,雪後晴
2012/2/5,4.1,-4,0,晴後曇,晴
2012/2/6,6.7,-3.4,1,薄曇後一時雨,雨
2012/2/7,6.7,2.3,7.5,雨後曇,曇一時雨
2012/2/8,3.5,-3.1,0,晴一時雪,曇後時々雪
2012/2/9,1,-3.2,0,晴時々雪,晴時々雪一時曇
2012/2/10,2.4,-4.8,0,曇時々雪,曇時々晴一時雪
2012/2/11,2.1,-5.6,0,晴,晴一時曇
2012/2/12,1.5,-4.6,0,雪後時々晴,晴、大風を伴う
2012/2/13,5.7,-2.3,0,曇時々晴,曇
2012/2/14,7.3,-0.4,0,曇一時晴,晴
2012/2/15,6.4,-1.5,0,曇時々晴,晴後一時曇
2012/2/16,3.3,-2.7,0,曇一時雪後晴,晴後曇一時雪
2012/2/17,3.1,-4.9,0.5,晴一時雪,晴
2012/2/18,2,-4.9,0,晴,曇
2012/2/19,3.3,-4.7,0,晴一時曇,快晴
2012/2/20,5.9,-4.2,0,晴,晴
2012/2/21,8.6,-1.5,0,晴,晴
2012/2/22,5.9,-2.5,0,晴,曇後一時みぞれ
2012/2/23,8.2,0.2,13,雨一時みぞれ後曇,晴
2012/2/24,8.2,1.2,0,晴,晴後曇一時雪
2012/2/25,2,-0.2,15.5,大雪後一時曇,曇後晴
2012/2/26,4.1,-2.9,0,曇一時雪,曇後晴
2012/2/27,2.5,-3.8,0,晴一時雪,晴後一時曇
2012/2/28,2.5,-3.9,0,曇,曇
2012/2/29,2.2,-2.6,0,曇時々雪,曇後一時晴
2012/3/1,10.6,-0.2,0,晴後薄曇,霧一時晴
2012/3/2,5.3,-0.4,17,曇後雪,雪
2012/3/3,5.6,-0.8,1,曇一時雪後時々晴,晴
2012/3/4,3.8,-2.9,0,晴後時々曇,曇後雪一時みぞれ
2012/3/5,7.3,-0.3,44,大雪後雨,雨後曇
2012/3/6,12.1,4.8,3.5,雨後曇時々晴,曇後晴一時雨
2012/3/7,11.6,4,0,薄曇一時晴,薄曇
2012/3/8,6.7,1.8,0,曇,曇
2012/3/9,7.6,0.6,7.5,曇後雨,みぞれ一時雨
2012/3/10,3.1,0.6,7,みぞれ時々雪後雨,雨後一時みぞれ
2012/3/11,5.2,0.6,6.5,曇一時雨,みぞれ一時雨後曇
2012/3/12,8,-0.9,0.5,晴時々雪,雪一時晴
2012/3/13,6.9,-0.9,5,みぞれ時々曇後晴、あられを伴う,快晴
2012/3/14,6.8,-1.9,0,晴一時曇,晴後時々曇
2012/3/15,7.4,0.1,0,晴一時雨,晴後一時曇
2012/3/16,8.2,-0.4,0,薄曇一時晴,曇一時晴
2012/3/17,6.9,0.4,1.5,雨時々曇,曇一時雨
2012/3/18,10,5.2,0,曇,雨時々曇後晴
2012/3/19,6.6,0.2,0,晴,晴後一時雪
2012/3/20,7.8,-0.1,0,曇時々晴一時雪,晴
2012/3/21,7.9,0.7,0,晴一時雪,晴
2012/3/22,12.6,0.3,0,薄曇一時晴,晴後曇
2012/3/23,10.6,0.4,23.5,曇後一時雨,雨時々雪、あられを伴う
2012/3/24,9.4,0.5,4.5,雨一時曇後晴,晴
2012/3/25,10.2,0,0.5,晴時々曇一時雨,快晴
2012/3/26,7.6,-0.2,0,晴一時雪,曇時々晴一時雪
2012/3/27,11.5,-0.1,0,晴,晴後一時曇
2012/3/28,12.9,2.9,0,曇一時雨後晴,晴
2012/3/29,12.5,1.3,0,晴,晴
2012/3/30,20.3,4.7,0,晴一時曇,晴後曇
2012/3/31,16.8,2.3,1.5,雨時々曇,晴一時雪
2012/4/1,8.3,0.3,1,晴時々曇,晴
2012/4/2,11.2,3.1,0,晴後曇,曇一時晴
2012/4/3,12.8,2.9,18.5,曇後雨,雨、大風を伴う
2012/4/4,8.9,3.3,0,雪一時曇、大風を伴う,雪一時みぞれ後雨
2012/4/5,12.6,2.3,0.5,晴時々雨,快晴
2012/4/6,8.9,0.5,0,晴一時雨,晴一時曇
2012/4/7,6.8,0.6,0,晴時々雪,晴
2012/4/8,10.1,-0.6,0,晴,晴
2012/4/9,18.1,1.7,0,晴,快晴
2012/4/10,14.2,3.9,0,晴後薄曇,曇
2012/4/11,14.2,6.1,5,曇後雨,曇時々雨後晴
2012/4/12,16.7,9.6,0,晴後一時曇,曇時々晴、雷を伴う
2012/4/13,18.9,6.3,0,晴後一時曇,曇時々晴
2012/4/14,11.1,7.1,0,曇,晴一時曇
2012/4/15,13.6,4.4,0,晴一時曇,晴後一時曇
2012/4/16,12.2,4.2,0,曇,薄曇後一時晴
2012/4/17,16,7,1.5,晴後雨一時曇、雷を伴う,曇
2012/4/18,16.4,8.8,0,曇後晴,曇一時晴
2012/4/19,15.7,9.6,0,曇後晴,曇一時晴
2012/4/20,10.6,8.4,0,曇一時雨,曇
2012/4/21,12.4,7.4,0,曇後晴,曇一時晴
2012/4/22,10.8,7.3,0.5,曇,雨一時曇
2012/4/23,15.8,10,13.5,雨時々曇,雨後晴時々曇、霧を伴う
2012/4/24,21.8,11.5,0,晴,晴時々曇
2012/4/25,16.2,9.6,0,曇時々晴,曇
2012/4/26,17.9,10.4,9.5,雨時々曇,雨
2012/4/27,16.9,12,7,雨時々曇,曇一時雨
2012/4/28,17.5,10.8,0,晴一時曇,快晴
2012/4/29,18.1,8.4,0,晴後一時薄曇,薄曇
2012/4/30,20.5,12.1,0,曇,晴後霧
2012/5/1,22,12.3,0,晴一時霧後薄曇,曇
2012/5/2,21.6,14.4,2.5,曇一時雨、霧を伴う,雨一時曇
2012/5/3,15.5,14.6,130.5,大雨,大雨一時霧雨、霧を伴う
2012/5/4,23.1,14.6,31,曇一時雨,曇一時雨
2012/5/5,21.7,13,0,曇一時雨後晴,晴一時曇
2012/5/6,20.3,11.5,7.5,晴後時々雨、雷を伴う,晴
2012/5/7,19.6,8.8,0,晴一時薄曇,曇時々晴一時雨
2012/5/8,20.2,12.6,0,曇一時晴,曇後時々晴
2012/5/9,21,12.7,0,曇,曇一時雨
2012/5/10,19.5,11.2,1.5,曇一時晴,雨一時曇
2012/5/11,17.3,10.3,2,雨後曇,晴
2012/5/12,16.1,10.3,0,晴後一時曇,晴一時曇
2012/5/13,19.4,8.6,0,晴後一時薄曇,晴時々薄曇
2012/5/14,19.2,9.2,0,薄曇,曇
2012/5/15,15.3,12.8,11,雨,雨後曇
2012/5/16,23.9,14.4,0,曇後晴,晴後時々薄曇
2012/5/17,20.9,13.4,0.5,曇後一時雨、雷を伴う,曇時々晴後一時雨
2012/5/18,15.4,12.5,8,雨一時曇,晴一時雨
2012/5/19,23.6,9.8,0,晴,快晴
2012/5/20,22.7,12.1,0,晴,晴後時々曇
2012/5/21,20.9,14.2,0,曇時々晴,曇
2012/5/22,16.1,12.9,9.5,曇後雨,雨
2012/5/23,17.8,12.5,3,曇後時々晴,曇時々晴
2012/5/24,21.9,12.3,0,晴後曇,曇時々晴
2012/5/25,20.9,14.1,8,曇時々雨,雨後晴
2012/5/26,25.2,13.1,0.5,晴後薄曇,晴一時薄曇
2012/5/27,23.8,11.9,0,快晴,曇一時晴
2012/5/28,19.9,13.6,5.5,曇時々雨、雷を伴う,晴後一時雨
2012/5/29,21.8,12.7,3,晴後時々曇,曇時々雨
2012/5/30,20.6,13.2,0,曇後晴,曇後一時晴
2012/5/31,22.7,12.5,0,晴,曇
2012/6/1,22,14.8,0,薄曇一時晴,晴一時薄曇
2012/6/2,22.7,14.4,0,晴後一時曇,曇時々霧雨
2012/6/3,18.9,15.3,0,曇時々霧雨,曇一時霧雨
2012/6/4,24.2,16.1,0,晴,晴一時薄曇
2012/6/5,23.9,15.6,0,薄曇,曇
2012/6/6,23.2,16.5,0.5,曇一時雨,曇後雨一時晴
2012/6/7,23.7,14.3,8,晴一時雨,晴
2012/6/8,23.8,16.5,0,曇後一時晴,霧雨時々曇一時晴
2012/6/9,18.6,16.3,42,雨一時曇,大雨
2012/6/10,21.4,16.2,9.5,雨後一時曇,晴時々曇一時雨
2012/6/11,22.2,16.1,0,晴後薄曇,曇
2012/6/12,17.7,15.2,0,曇,雨時々曇
2012/6/13,18.1,13.5,1,曇一時雨,曇時々雨
2012/6/14,16.3,13.9,0,曇一時雨,曇後一時霧雨
2012/6/15,16.8,13.5,0,曇一時霧雨,曇一時霧雨
2012/6/16,18,15.4,7,雨一時曇,雨一時曇
2012/6/17,27,17.1,3.5,曇後一時晴,薄曇一時晴
2012/6/18,27.9,17.7,0,薄曇,曇
2012/6/19,19.9,16.9,49.5,雨,大雨
2012/6/20,24.3,16,85,曇一時雨,晴時々曇
2012/6/21,26.3,15.7,0,曇,曇後一時雨
2012/6/22,22.4,16,0.5,雨一時曇後晴,晴後曇
2012/6/23,25,16.5,0,晴一時曇,晴
2012/6/24,22,15.4,0.5,曇時々晴一時雨,曇一時雨
2012/6/25,19.6,14.2,0,曇一時雨後時々晴,晴
2012/6/26,23.3,12.5,0,快晴,晴後時々曇
2012/6/27,23.5,13.4,0,晴一時曇,晴時々曇
2012/6/28,23.3,14.4,0,薄曇時々晴,曇
2012/6/29,25,17.9,0,曇時々晴,晴後曇
2012/6/30,25.5,17.4,0,曇一時雨後時々晴,曇一時晴
2012/7/1,20.2,17.6,4,雨一時曇,雨
2012/7/2,24.4,18,12,曇一時雨,曇後一時霧雨
2012/7/3,21.7,18.9,0,曇一時霧雨,曇後霧雨
2012/7/4,27.1,18.8,0.5,晴一時曇,曇、霧を伴う
2012/7/5,24.1,19.2,10.5,雨時々曇、雷を伴う,曇時々雨
2012/7/6,28.1,20.2,36.5,曇,大雨
2012/7/7,20.7,19,74.5,大雨後一時曇,雨後曇
2012/7/8,24.2,18.4,0,曇後晴,曇
2012/7/9,26.2,18.5,0,晴時々曇,曇後晴
2012/7/10,27.2,19.4,0,晴,曇
2012/7/11,26.5,21.7,0,曇,曇後一時雨
2012/7/12,23.5,21.2,12.5,雨後一時曇,曇一時雨
2012/7/13,31,20.8,0,曇,曇後時々雨
2012/7/14,25.1,19.1,0.5,曇一時雨,曇後時々雨
2012/7/15,23.5,19,5,雨一時曇,曇一時雨、霧を伴う
2012/7/16,30.9,20.1,0,晴後薄曇、霧を伴う,晴一時曇
2012/7/17,32.9,20.5,0,曇一時雨,曇一時晴
2012/7/18,26.1,20.5,0,曇一時雨,晴時々曇
2012/7/19,28.6,15.8,0,晴後曇,霧雨後曇
2012/7/20,19,16.4,0,曇一時雨,曇後時々雨一時霧雨
2012/7/21,18.8,15.9,0.5,曇一時雨,雨後一時霧雨
2012/7/22,18.8,16.1,2,霧雨後曇,霧雨時々曇
2012/7/23,27.3,17.4,0.5,曇一時霧雨,曇
2012/7/24,28.1,21.3,0,曇後一時雨,曇一時雨
2012/7/25,27.3,21.7,5,曇時々雨,晴
2012/7/26,31.3,22.6,0,薄曇一時晴,晴時々薄曇
2012/7/27,32.3,23.2,0,薄曇,薄曇
2012/7/28,33.8,23.8,0,薄曇後一時晴,晴
2012/7/29,32.4,24.9,0,薄曇,曇後晴
2012/7/30,32.2,25,0,曇一時晴、雷を伴う,曇時々晴
2012/7/31,32,23.8,0,晴一時曇,晴一時薄曇
2012/8/1,31.1,22,0,晴,薄曇一時晴
2012/8/2,32.5,23.6,0,晴時々薄曇,曇後一時霧雨
2012/8/3,29.2,23.8,0,曇一時霧雨,曇時々雨
2012/8/4,28.9,22.8,0.5,曇,曇
2012/8/5,31.8,24.4,0,晴一時曇,曇時々晴
2012/8/6,33,23.7,13,曇時々晴後一時雨、雷を伴う,晴
2012/8/7,29.7,20.8,0.5,晴後一時曇,曇一時雨
2012/8/8,23.7,20.4,0,曇時々雨,曇後一時雨
2012/8/9,27,20.5,0,晴時々曇,曇一時晴
2012/8/10,28.9,19.8,0,晴時々薄曇,曇
2012/8/11,28,21.5,0,曇後一時雨,曇
2012/8/12,29.1,23.5,0,曇一時霧雨,曇一時霧雨、霧を伴う
2012/8/13,31.1,23.7,1,曇,曇一時雨、雷を伴う
2012/8/14,31.8,23.4,4,曇一時雨後晴,曇時々晴一時雨
2012/8/15,27.1,22,0,曇一時雨,曇後一時晴
2012/8/16,33.9,23,0,曇時々晴,晴後一時曇
2012/8/17,33.9,25.2,3.5,晴後雨一時曇、雷を伴う,曇一時雨、雷を伴う
2012/8/18,29.6,23.6,2,曇一時雨、雷を伴う,曇時々晴
2012/8/19,31.4,24.2,0,曇後晴,晴
2012/8/20,31.4,23.1,0,快晴,曇時々晴
2012/8/21,32.5,23.6,0,快晴,晴後一時曇、霧を伴う
2012/8/22,32.1,23.5,0,晴一時霧,晴時々曇
2012/8/23,33.8,24.3,0,晴後薄曇,曇
2012/8/24,31.5,25.2,0,晴時々曇,曇
2012/8/25,30.8,25.1,0,曇後一時晴,曇
2012/8/26,31.4,25.1,0,曇後一時晴,晴
2012/8/27,32.9,24.1,0,晴時々曇,曇一時晴
2012/8/28,31.6,24.5,0,曇後晴,晴
2012/8/29,31.8,23.8,0,薄曇,曇
2012/8/30,32.9,24.9,0,曇一時晴,曇
2012/8/31,31.7,24.8,0,曇一時晴,曇時々晴
2012/9/1,30.1,23.9,9,晴時々曇一時雨,曇時々晴一時雨
2012/9/2,30.6,23.5,9,晴時々雨,曇一時雨
2012/9/3,30.3,23.3,1,晴、雷を伴う,曇時々晴
2012/9/4,30.1,22.8,5,晴時々曇、雷を伴う,雨後晴時々曇、雷を伴う
2012/9/5,32.2,22.3,0,薄曇後一時晴,薄曇一時晴
2012/9/6,28.6,21.9,23,曇後時々雨、雷を伴う,晴一時曇
2012/9/7,30.3,20.3,0,晴,快晴
2012/9/8,28.9,21,0,晴後一時曇,曇後晴
2012/9/9,30,23.3,0,薄曇一時晴,曇後一時晴
2012/9/10,31,23.4,0,薄曇,晴時々曇
2012/9/11,30.1,22.8,0,晴後一時曇,曇一時雷
2012/9/12,30,22.9,0,晴一時雨,晴
2012/9/13,33.5,21.3,0,晴,晴後曇
2012/9/14,30.7,22.8,0,晴,薄曇時々晴
2012/9/15,30.3,24.1,0,薄曇後晴,晴
2012/9/16,31.2,22.6,0,晴一時曇、霧を伴う,晴一時曇
2012/9/17,30.5,24.6,0,晴時々曇,晴時々曇
2012/9/18,30.9,23.4,0,晴後一時曇,曇一時雨
2012/9/19,28.9,22.3,14.5,曇時々雨,雨後時々曇
2012/9/20,27.7,21.7,1,曇後一時雨,曇時々雨
2012/9/21,23.2,18.3,7,雨時々曇,晴時々薄曇
2012/9/22,25.7,17,0,晴時々曇,曇一時雨
2012/9/23,20.5,17.8,20,雨一時曇,雨後時々曇
2012/9/24,20,16.8,12.5,雨一時曇,曇時々雨
2012/9/25,21.9,16.7,2.5,曇時々雨,晴一時曇、霧を伴う
2012/9/26,25.3,14,0,晴後一時曇,曇一時雨
2012/9/27,23.6,16.6,0.5,曇一時雨,曇一時雨
2012/9/28,19.5,14.9,4,雨一時霧雨,雨時々曇一時霧雨
2012/9/29,26.7,19,0,曇時々晴,曇後一時霧雨
2012/9/30,27.5,21.7,21,曇,雨後一時晴、大風を伴う
2012/10/1,29,20,6,晴後一時曇,雨時々曇
2012/10/2,20.3,17.7,7,雨時々曇,曇時々雨
2012/10/3,19.5,17.4,4.5,曇時々雨,曇後雨
2012/10/4,24.9,15.9,1,曇時々晴,晴一時曇
2012/10/5,25.9,14.9,0,晴一時曇,曇一時晴
2012/10/6,23.9,16.5,0.5,曇,雨一時曇
2012/10/7,23,15.2,4,曇時々晴一時雨,快晴
2012/10/8,21.4,12,0,晴,晴後曇
2012/10/9,21.8,12.5,0,晴一時曇,曇時々晴
2012/10/10,21,13.8,2,曇後一時雨,雨時々曇
2012/10/11,20.6,15.1,31,雨時々曇,晴時々曇
2012/10/12,21.5,12.8,0,晴,晴
2012/10/13,21.4,13.3,0,晴,曇後晴
2012/10/14,21.3,10.7,0,晴後曇,曇後晴
2012/10/15,23.5,11.3,0,晴一時曇,曇後晴
2012/10/16,22,9.7,0,晴,晴
2012/10/17,22.9,9,5,晴一時雨,雨後一時曇
2012/10/18,19.7,13.1,0.5,曇,曇
2012/10/19,19.3,10.2,0,晴後一時雨,晴
2012/10/20,20.1,8.7,0,晴,快晴
2012/10/21,21.7,11.9,0,晴一時曇,快晴
2012/10/22,19.5,10.2,0,晴,晴後曇
2012/10/23,20.2,14,2,雨一時曇,曇時々雨一時晴
2012/10/24,18.1,9.6,0,晴,晴時々薄曇
2012/10/25,18.8,7.2,0,曇時々晴,曇時々晴
2012/10/26,21.5,10.7,0,晴,晴一時曇
2012/10/27,19.6,11.3,0,晴,晴時々曇
2012/10/28,17.2,12.6,15,雨一時曇,雨時々曇
2012/10/29,20.8,12.9,3,曇後晴,曇一時晴
2012/10/30,17.3,9.5,0,晴一時曇,晴一時雨
2012/10/31,16.8,9,1,晴後一時雨,晴
2012/11/1,17.3,9.1,1,曇時々晴,曇時々雨、雷・ひょうを伴う
2012/11/2,12,8.3,0,曇時々雨,晴
2012/11/3,15.6,7.2,0,快晴,晴
2012/11/4,16.4,7.4,0,晴,晴後一時薄曇
2012/11/5,15.1,6.7,0,曇時々晴,曇後時々雨
2012/11/6,16.5,12.3,22,雨,曇一時雨
2012/11/7,19.7,10,0,晴,晴後曇一時雨
2012/11/8,15.5,9.4,4,雨後晴,晴時々曇
2012/11/9,16,9,0,曇時々雨,曇時々晴
2012/11/10,15.2,8.9,1,曇時々晴,曇一時雨後晴
2012/11/11,13.3,8.1,2.5,曇時々雨,雨
2012/11/12,16.3,10,19,雨一時霧雨,晴時々曇
2012/11/13,17.1,9.3,0,曇後一時雨,曇一時雨
2012/11/14,12.9,6.1,0,曇後一時雨,曇後晴
2012/11/15,12.3,4.5,0,曇時々晴,快晴
2012/11/16,13.9,4.7,0,晴,晴後薄曇
2012/11/17,13.4,4.2,6,曇後一時雨,晴時々雨一時曇
2012/11/18,12.9,4.9,0,晴時々雨,曇一時雨
2012/11/19,10.8,2.8,0,晴後曇,曇時々雨一時晴
2012/11/20,13.2,5.4,0,晴,晴
2012/11/21,10.5,4.2,0,晴,晴後薄曇
2012/11/22,12.1,3.3,0,曇後晴,曇時々晴
2012/11/23,13.2,5.3,0,曇一時雨,曇
2012/11/24,7.4,2.8,0,曇一時雨,曇一時雨
2012/11/25,10.1,3.6,0,晴一時雨,晴後一時曇
2012/11/26,12.9,4.5,2.5,雨時々曇,雨時々曇
2012/11/27,12.2,3.1,0,晴時々雪一時雨,晴時々曇
2012/11/28,9.3,2.6,0,曇時々晴,曇後晴
2012/11/29,11.3,4.6,0,曇,曇一時晴
2012/11/30,9.3,2.3,0,曇時々晴,曇一時晴
2012/12/1,5,-0.3,0,曇時々雪一時晴,晴一時雪
2012/12/2,5.2,-1.5,0,曇一時晴,曇一時みぞれ後晴
2012/12/3,8.7,-2.1,0,晴時々曇,曇時々雨
2012/12/4,10.3,5,12,曇時々雨,晴時々雨一時みぞれ
2012/12/5,9.9,2.2,0,晴,晴後曇一時みぞれ
2012/12/6,10.7,1.6,0,晴一時雨,晴
2012/12/7,7.9,-0.1,0,晴時々曇,晴後曇一時雪
2012/12/8,9.4,-0.6,5,曇一時雪後雨,雪一時みぞれ
2012/12/9,0.7,-1.3,1.5,雪後曇,曇時々雪後晴
2012/12/10,5.2,-2,0,晴,晴
2012/12/11,7.6,0.7,0,晴一時みぞれ,晴一時雪
2012/12/12,6.5,-0.8,0,晴後一時みぞれ,曇後時々雪
2012/12/13,7.5,0.5,0,晴一時曇,晴
2012/12/14,11.8,0.4,0,晴一時薄曇,曇
2012/12/15,6.4,4,5.5,雨一時雪,曇一時雨
2012/12/16,13.8,3.8,0,晴一時雨,晴
2012/12/17,8.1,1.6,1,晴後曇一時雨,雨時々曇
2012/12/18,9.8,1.6,0,曇時々晴,晴時々曇
2012/12/19,3.4,-0.1,0,晴一時雪,晴時々雪
2012/12/20,5.4,-1.7,0,晴,晴一時曇
2012/12/21,5.5,0.2,0,晴後曇,曇
2012/12/22,5.3,0.3,0.5,曇時々雪一時雨,晴時々雨一時曇
2012/12/23,6.9,-1.2,2.5,晴後一時雪,雪時々曇
2012/12/24,2.7,-3,0,晴時々曇一時雪,晴
2012/12/25,5.8,-3.4,0.5,曇時々晴後雨,雪一時雨
2012/12/26,0.6,-2.9,0,晴時々雪,晴
2012/12/27,3.4,-3,0,晴,晴一時雪
2012/12/28,6.5,-1,0.5,薄曇一時晴,曇時々雪
2012/12/29,5.2,-0.2,0.5,曇後一時雨,雨時々曇
2012/12/30,7.4,3.7,13,雨時々曇,雨後曇
2012/12/31,7.6,-0.9,0,晴後曇一時雪,曇一時雪後晴
2013/1/1,5.3,-2.8,0,晴,晴後薄曇
2013/1/2,8.2,-2.4,0.5,曇一時雪後雨,雪時々曇一時雨
2013/1/3,1.5,-2.7,0,雪後晴,晴一時雪
2013/1/4,0.9,-3.9,0,快晴,晴
2013/1/5,4.5,-3.5,0,晴時々曇,晴一時曇
2013/1/6,4.8,-2.9,0,晴一時雪,晴
2013/1/7,3.8,-2.6,0,晴後一時薄曇,曇後一時雪
2013/1/8,5.7,-1.4,0,晴一時雪,晴後一時曇
2013/1/9,0.3,-3.9,0.5,雪一時曇後晴,晴
2013/1/10,2,-3.8,0,晴,晴
2013/1/11,3,-4.2,0,快晴、大風を伴う,快晴
2013/1/12,7,-3.9,0,晴一時薄曇,晴一時曇、みぞれを伴う
2013/1/13,7.9,-0.5,0,晴一時みぞれ,曇後一時雪
2013/1/14,2.2,-1.3,18.5,大雪,雪後晴
2013/1/15,1.7,-2.7,0,雪時々晴一時曇,曇
2013/1/16,3,-5.8,0,晴一時曇,晴一時雪
2013/1/17,2.3,-3.6,0.5,晴時々曇一時雪,晴後曇
2013/1/18,0.2,-5.8,0.5,雪時々晴,雪後晴
2013/1/19,5.1,-5.5,0,晴,晴一時薄曇
2013/1/20,5.5,-1.9,0,晴一時曇,晴後一時曇
2013/1/21,5.5,-1.6,0,晴後曇,曇後一時みぞれ
2013/1/22,3,-0.4,7.5,雪後雨、みぞれを伴う,雨一時みぞれ後晴
2013/1/23,4.8,-1.8,0,晴後薄曇,曇後時々雪
2013/1/24,6,-0.6,1,曇時々晴,曇一時雨後晴
2013/1/25,6.5,-3.8,1,晴一時雪,雪
2013/1/26,0.3,-3.9,4,雪一時曇,雪一時薄曇
2013/1/27,4.5,-1.3,3,晴一時雪,薄曇時々晴
2013/1/28,6.5,-2.4,0,晴時々薄曇,晴時々曇一時雪
2013/1/29,5.8,-0.2,0,晴,晴後一時雪
2013/1/30,4.6,0.1,0,晴一時雪,快晴
2013/1/31,8,-2.1,0,晴,快晴
2013/2/1,7.9,-2.5,0,晴後一時薄曇,薄曇後雨
2013/2/2,12.9,2.2,0.5,曇時々晴一時雨,晴、大風を伴う
2013/2/3,4.5,-0.3,0,快晴、大風を伴う,曇一時晴
2013/2/4,6.6,-0.1,4,曇後みぞれ一時雪,みぞれ後晴、大風を伴う
2013/2/5,5.1,0.7,0,晴後一時薄曇、大風を伴う,曇
2013/2/6,1.1,-1.2,4.5,雪一時曇,曇時々雪
2013/2/7,9.8,0.3,0,晴時々曇一時雨,曇時々雪一時晴
2013/2/8,3.3,-2.2,0,雪後一時曇,晴一時雪
2013/2/9,4.1,-2.1,0,晴,晴
2013/2/10,5.3,-3.6,0,曇一時晴,雪一時曇後晴
2013/2/11,2.3,-1.7,0,晴一時雪,晴一時曇
2013/2/12,3.6,-2.6,0,曇一時晴,雪時々曇
2013/2/13,7.1,-0.9,1.5,晴時々曇一時雪,晴一時曇
2013/2/14,6.7,1.1,0,曇一時雪,晴後一時曇
2013/2/15,4,0.2,1.5,曇時々雨、みぞれを伴う,晴時々曇一時雪
2013/2/16,1.8,-4.6,0,雪,雪後曇
2013/2/17,3.4,-5.8,0,晴,曇一時晴
2013/2/18,5.8,-2,0,曇後一時雨,曇時々晴一時雨
2013/2/19,4.8,-2.2,0,曇,晴一時曇
2013/2/20,4.6,-3.7,0,晴後一時雪,晴時々雪一時曇
2013/2/21,2,-4.1,0,晴,晴
2013/2/22,5.7,-3.6,1.5,晴後一時曇,雪時々曇後一時晴
2013/2/23,3,-3.9,2,晴一時雪,晴後一時雪
2013/2/24,-0.6,-5,3,雪,雪後晴
2013/2/25,0.5,-5,0,晴後時々雪,晴一時雪
2013/2/26,4.6,-5.7,0,晴後薄曇,晴時々薄曇
2013/2/27,7.3,-3.2,0,曇後晴,晴
2013/2/28,12.1,0.1,0,晴,晴後曇
2013/3/1,10.6,2,0,曇後一時雨,曇時々雨一時みぞれ
2013/3/2,7.4,0.3,0,曇時々雪一時晴,晴一時雪
2013/3/3,4.6,0,0,薄曇後一時雪,薄曇一時雪
2013/3/4,8.2,-1.1,0,晴一時曇,晴一時曇
2013/3/5,9.3,-1.3,0,晴,晴
2013/3/6,14.1,-0.6,0,晴一時曇,快晴
2013/3/7,14.1,0.3,0,薄曇一時晴,曇一時晴
2013/3/8,16.2,6.9,1,曇時々雨,雨一時曇
2013/3/9,12.8,4,0,晴,曇時々晴
2013/3/10,15.5,-1.5,0,晴一時雨,雪一時晴
2013/3/11,5.1,-3.1,0,晴,快晴
2013/3/12,11.5,-3.2,0,晴,晴後曇
2013/3/13,14.1,2.9,0,曇,曇
2013/3/14,7.3,0.5,0,晴一時曇,快晴
2013/3/15,9.1,-1.8,0,快晴,晴
2013/3/16,15.9,0.1,0,薄曇後晴一時雨,晴
2013/3/17,12.9,-0.2,0,晴後薄曇,曇
2013/3/18,11.9,5.8,0,曇一時雨,曇後晴
2013/3/19,18.5,6.7,0,晴一時雨,晴後曇
2013/3/20,12.5,5.4,0,曇,晴時々曇一時雨
2013/3/21,10.9,0.5,0,晴,晴後一時曇
2013/3/22,11.8,-0.7,0,晴後薄曇,曇
2013/3/23,10.6,2.1,0,晴,晴後薄曇
2013/3/24,4.9,-0.4,0,曇,薄曇
2013/3/25,9.3,0.8,0.5,曇後一時雨,曇一時雨後晴
2013/3/26,8.8,-0.5,0,晴一時曇,晴後一時曇
2013/3/27,10.5,-0.5,0.5,曇後一時雨,雨時々曇一時霧雨
2013/3/28,16,5.4,0,晴時々曇,曇
2013/3/29,11.5,4.7,0,曇,薄曇
2013/3/30,11.7,2.9,0,晴一時曇,晴後曇
2013/3/31,4.4,0.8,1,雪一時曇、みぞれを伴う,みぞれ一時雨後晴
2013/4/1,12.9,0.6,0,晴時々薄曇,薄曇
2013/4/2,8.8,2.4,1,雨時々曇,雨一時曇
2013/4/3,11.5,7.3,24,雨,晴一時曇
2013/4/4,17.1,7.3,0,晴一時曇,快晴
2013/4/5,14.4,5.3,0,晴一時薄曇,曇
2013/4/6,14.5,8.7,16.5,曇,大雨
2013/4/7,15,7.3,38,雨一時曇、雷を伴う,晴後雨
2013/4/8,12,7.4,0,雨後晴、大風を伴う,晴
2013/4/9,15.8,5,0,晴,曇
2013/4/10,13.7,5.2,0,晴時々曇,曇一時晴
2013/4/11,12,4.6,0,曇時々晴,晴一時曇
2013/4/12,12.2,4,0,晴後曇一時雨,晴
2013/4/13,14.5,1.7,0,晴,快晴
2013/4/14,20,4.8,0,晴後一時薄曇,曇一時晴
2013/4/15,18.3,7.9,0,晴後時々曇,曇後晴
2013/4/16,14.8,5.7,0,晴後一時曇,薄曇時々晴一時雨
2013/4/17,25.1,8.2,0,薄曇後晴,雨時々曇
2013/4/18,11.2,7.9,0.5,曇,曇時々雨
2013/4/19,10.9,5.6,0,晴一時雨,晴一時薄曇
2013/4/20,12.6,2.9,6.5,薄曇,雨後一時雪
2013/4/21,7.5,0.8,19.5,雪後雨一時晴,晴
2013/4/22,14.1,2.7,0,晴,快晴
2013/4/23,17.7,2.9,0,晴後薄曇,曇
2013/4/24,17.3,8.2,4.5,曇後雨,曇一時雨
2013/4/25,21.3,11.3,0,晴,曇後一時雨
2013/4/26,14,9.4,8,雨時々曇、雷を伴う,曇一時雨
2013/4/27,14.7,7.4,0,雨時々晴,晴一時雨
2013/4/28,16.8,8.1,0,曇後晴,晴
2013/4/29,20.2,7.1,0,晴一時曇,曇後一時雨
2013/4/30,17.4,10.4,0,曇時々雨,薄曇
2013/5/1,14.3,6.4,1.5,雨時々曇,雨一時曇
2013/5/2,13.8,6.2,0,晴一時雨,晴
2013/5/3,15.6,6.6,0,晴,晴
2013/5/4,19,7.1,0,晴一時曇,曇一時晴
2013/5/5,20.3,10.7,0,曇後一時晴,晴後一時薄曇
2013/5/6,21.8,8.9,0,曇,曇時々晴一時雨
2013/5/7,13.5,6.6,0,曇時々雨,曇一時雨後晴
2013/5/8,17.9,5.3,0,晴一時薄曇,晴
2013/5/9,22,8.1,0,晴後薄曇,晴
2013/5/10,16.1,8.7,0,薄曇,曇後雨一時霧雨
2013/5/11,16,10,6.5,曇一時霧雨後雨,雨一時霧雨
2013/5/12,16.7,7.8,1.5,曇一時晴,霧雨
2013/5/13,11.4,7.2,0.5,霧雨後一時雨、霧を伴う,曇後霧
2013/5/14,23.7,9.3,0,晴一時薄曇,曇
2013/5/15,13.5,9.4,3.5,曇,雨時々曇後一時霧、雷を伴う
2013/5/16,23,10.4,1.5,曇時々晴一時霧,晴一時曇
2013/5/17,22.6,10,0,晴,晴
2013/5/18,22.3,9.7,0,薄曇,薄曇
2013/5/19,20.3,13.1,4,曇,雨後一時曇
2013/5/20,21.7,13.2,0,曇,曇後一時晴
2013/5/21,25.6,14.9,0,晴,晴後曇
2013/5/22,22.7,13,0,晴時々薄曇,晴
2013/5/23,24,13.7,0,晴,晴
2013/5/24,23.6,11.3,0,曇時々晴,曇時々晴
2013/5/25,17.4,11,0,晴後薄曇,曇
2013/5/26,20,12.7,0,曇後一時晴,晴後曇
2013/5/27,22.6,14.8,0,薄曇一時晴,薄曇
2013/5/28,23.1,15.2,0,曇,曇後時々雨
2013/5/29,18.7,14.2,2,雨一時曇,曇一時雨
2013/5/30,20.3,14.1,6.5,曇後雨,曇時々雨後一時晴
2013/5/31,26.7,14.6,0,快晴,快晴
2013/6/1,20.1,13.3,0,晴後薄曇,曇一時雨
2013/6/2,16.3,12,0,曇後一時晴,晴
2013/6/3,19.5,10.3,0,晴,曇一時晴
2013/6/4,23.7,12.6,0,晴,曇
2013/6/5,22.8,14.5,0,薄曇後晴,曇一時晴
2013/6/6,21.6,14.9,0,薄曇,曇
2013/6/7,23.6,17.1,0,曇,曇時々雨
2013/6/8,22.8,15.8,3.5,曇時々雨,晴一時曇
2013/6/9,27.9,14.9,0,晴,晴後薄曇
2013/6/10,25,16,0,薄曇,雨時々曇
2013/6/11,20.1,15.5,0,曇一時霧雨,霧雨、霧を伴う
2013/6/12,20.3,15.7,2,霧雨時々曇,霧雨
2013/6/13,23.2,17.8,2,曇一時霧雨,雨後曇
2013/6/14,25.2,18.3,0,曇一時霧雨,霧雨後曇、霧を伴う
2013/6/15,25.5,19.5,10.5,雨時々曇,雨
2013/6/16,22.6,16.4,2.5,雨一時霧雨後曇,曇後霧一時霧雨
2013/6/17,24.4,16.5,0,曇,曇後一時霧
2013/6/18,22.3,19.2,2.5,雨一時曇,雨一時曇
2013/6/19,24.4,18.7,33,雨後時々曇,曇
2013/6/20,25.3,18.5,0,晴後曇,曇一時晴
2013/6/21,24.3,18.3,0,曇一時雨,曇
2013/6/22,23.4,17.8,0,曇,晴一時曇
2013/6/23,24.4,16.7,0,晴一時曇,晴
2013/6/24,26.9,16.8,0,快晴,曇一時晴
2013/6/25,27.2,19.6,0,晴,晴後曇
2013/6/26,24.9,19.2,4,曇後一時雨,雨後一時曇
2013/6/27,26.6,15.8,27,晴一時曇,霧雨一時雨
2013/6/28,17.5,15.6,2.5,霧雨後一時曇,霧雨後一時曇
2013/6/29,19.2,15.4,1.5,曇一時霧雨,霧雨
2013/6/30,23.4,17,1,曇一時霧雨,曇
2013/7/1,25.1,19.7,0,曇,薄曇後晴
2013/7/2,24.9,18.2,0,晴後一時曇,曇一時晴
2013/7/3,20.6,17.6,26.5,雨一時曇,雨一時曇
2013/7/4,25.8,17.8,0.5,曇一時晴,曇後雨
2013/7/5,23.6,20.7,3,雨後一時曇,曇一時雨
2013/7/6,31,21.6,0,曇後一時雨,雨時々曇
2013/7/7,31.7,23.4,0.5,曇一時雨,曇一時晴
2013/7/8,28.8,22.9,13,曇時々雨,曇一時雨
2013/7/9,32.9,22.1,0,曇,曇時々晴
2013/7/10,32.6,23.4,3.5,曇,曇一時雨
2013/7/11,28.8,23.2,2,雨,雨時々曇
2013/7/12,24.7,20.7,0,曇一時雨,雨
2013/7/13,26,20.3,2,曇一時雨,曇時々雨
2013/7/14,28.3,20.6,4.5,曇一時雨,雨一時曇
2013/7/15,25.9,19.5,14,雨時々曇,晴時々曇
2013/7/16,25.3,18,0,晴後曇,曇
2013/7/17,20.1,17.3,21.5,曇後一時雨,大雨
2013/7/18,21,17.4,59.5,雨後一時曇、雷を伴う,雨後曇
2013/7/19,25.8,18,0,曇,曇
2013/7/20,25.7,17.8,0,曇後晴,曇
2013/7/21,25.6,18,0,曇一時雨,曇後一時雨
2013/7/22,22.4,18.7,28.5,雨,雨後霧、雷を伴う
2013/7/23,22.5,18.9,0,曇,曇後一時雨
2013/7/24,21.7,19,4,曇後時々雨,雨後霧雨
2013/7/25,22.5,19.1,3,雨時々曇一時霧雨,霧雨一時曇、霧を伴う
2013/7/26,23.1,20.7,37,大雨一時霧雨、霧を伴う,霧後時々霧雨
2013/7/27,25.4,21.6,6,霧雨後曇一時雨、雷・霧を伴う,雨時々曇、雷を伴う
2013/7/28,28,21.6,3,曇後晴一時雨,曇
2013/7/29,23.5,20.7,17,曇時々霧雨後一時雨,雨後一時霧雨
2013/7/30,24.7,21.1,5.5,雨時々曇,雨時々曇
2013/7/31,24.4,20.7,3,曇時々雨,雨
2013/8/1,21.3,19.4,28.5,雨時々霧雨,曇後霧雨
2013/8/2,23.9,18.3,8,　曇一時雨,曇時々雨
2013/8/3,28.4,18.5,0,曇一時晴,曇一時晴
2013/8/4,27.5,19.6,0,晴後一時薄曇,曇一時雨
2013/8/5,26.9,20.7,0.5,曇後一時雨,曇時々雨
2013/8/6,28.8,23.3,8,雨時々曇、雷を伴う,雨一時曇後晴
2013/8/7,31.6,22.2,0,薄曇,晴
2013/8/8,31.4,22.5,0,曇一時晴,曇
2013/8/9,30.2,23.5,0,曇一時晴,晴一時薄曇
2013/8/10,35.6,25.6,0,晴,晴後薄曇
2013/8/11,32.6,25.9,0,晴,晴
2013/8/12,34.7,24.6,0,晴,晴
2013/8/13,32.9,23.3,0,薄曇,薄曇一時晴
2013/8/14,29.9,22.4,0,晴一時曇,曇一時晴
2013/8/15,30.5,23.5,0,快晴,晴後時々曇
2013/8/16,31.4,24,0,晴後薄曇,薄曇
2013/8/17,33.1,25.1,0,薄曇後一時晴,薄曇
2013/8/18,34.3,25.8,0,曇一時晴,晴一時曇
2013/8/19,34.3,25.5,0,晴後曇,曇後時々雨、雷を伴う
2013/8/20,26.8,23.1,17,雨後一時曇,曇一時晴
2013/8/21,29.8,21.6,0,曇,曇一時晴
2013/8/22,29.6,23.2,0,曇一時晴,曇
2013/8/23,27.3,22.3,0,曇時々雨,雨時々曇
2013/8/24,31.4,22.2,8.5,晴時々曇,曇
2013/8/25,30,21.6,0.5,晴後一時雨,晴
2013/8/26,30.6,20.4,0,晴,曇後一時雨
2013/8/27,28.1,20.3,7.5,晴時々曇一時雨、雷を伴う,曇時々晴
2013/8/28,29.8,20.1,0,晴後一時薄曇,曇一時晴
2013/8/29,26.4,19.7,0,曇,曇
2013/8/30,31.7,22.3,0.5,曇時々雨,曇後一時晴
2013/8/31,28.4,23,9.5,曇,曇時々雨後晴
2013/9/1,32.2,22.6,0.5,晴後一時曇,曇時々雨
2013/9/2,24.5,20.9,11,雨一時曇,曇一時雨
2013/9/3,25.4,20.6,0,曇時々霧雨,曇
2013/9/4,29.1,23.4,3,曇一時雨,曇後雨、雷を伴う
2013/9/5,25.4,20.5,38,雨,雨一時曇後晴
2013/9/6,26.1,18.5,0,曇後晴,曇
2013/9/7,23.6,20.9,9.5,曇時々雨,大雨
2013/9/8,21.7,19.5,44.5,雨,曇後晴
2013/9/9,26.8,17.3,0,晴,晴後曇
2013/9/10,25.7,18.9,0,曇,曇
2013/9/11,25.8,20.1,0,曇,曇
2013/9/12,28.2,21.4,0,曇,曇一時晴
2013/9/13,24.8,21.9,1.5,曇時々雨,曇後一時晴
2013/9/14,29,21.9,0,薄曇,曇
2013/9/15,25.4,21.4,75,大雨時々曇,曇後一時雨
2013/9/16,26.1,17.3,25.5,雨一時曇,晴
2013/9/17,27.9,14.6,0,快晴,快晴
2013/9/18,27.2,14,0,晴,快晴
2013/9/19,25.3,15.1,0,晴,晴後一時霧
2013/9/20,26,15.3,0,晴一時霧,晴後一時薄曇
2013/9/21,29.7,16.2,0,快晴,晴後一時薄曇
2013/9/22,26,18.8,0,曇,曇
2013/9/23,23,18,0,曇,曇後晴
2013/9/24,25.3,15.9,0,晴時々曇,晴一時曇
2013/9/25,27.2,19.2,0,曇,曇後一時雨
2013/9/26,23.4,14.9,0,曇後晴,快晴
2013/9/27,22.1,11.8,0,晴,晴一時曇
2013/9/28,21.8,13.3,0,晴,曇
2013/9/29,23.9,16.7,0,晴一時曇,曇時々晴
2013/9/30,23,16.4,2,曇後一時雨,雨
2013/10/1,26.9,18.4,0.5,曇,曇
2013/10/2,23.4,20,9.5,雨,曇一時晴
2013/10/3,24.2,16.2,0,曇,雨時々曇
2013/10/4,20.7,13.4,0.5,曇,曇
2013/10/5,19.3,13.7,0,曇一時雨,曇
2013/10/6,21.1,18.1,4,雨一時曇,雨
2013/10/7,24.7,18.3,5.5,雨後曇一時晴,霧雨後曇一時霧
2013/10/8,27,19.1,0,曇一時晴、霧を伴う,曇
2013/10/9,27.6,20.6,0.5,曇後一時雨,晴一時雨
2013/10/10,25.7,19.7,0,晴一時曇,曇後雨
2013/10/11,27.2,18.6,3.5,雨後曇一時晴,曇時々雨
2013/10/12,24.1,14.9,0.5,曇時々晴一時雨,晴
2013/10/13,22.2,13,0,晴,快晴
2013/10/14,19.5,10.3,0,晴後一時曇,晴一時曇
2013/10/15,19.3,12.8,18,曇後一時雨,大雨
2013/10/16,17,12.3,53,大雨後一時曇,雨時々曇
2013/10/17,17.6,8.7,0.5,晴一時雨,晴
2013/10/18,17.3,8.6,0,晴,曇
2013/10/19,17.3,9.6,0,曇,曇時々雨
2013/10/20,15,13.8,37.5,雨,雨後一時曇
2013/10/21,21.7,13.7,0,曇時々晴後一時雨,雨一時霧雨
2013/10/22,15.9,13.2,0.5,雨一時曇,雨一時曇
2013/10/23,14.6,12,8,雨,雨後一時曇
2013/10/24,14.7,12.8,10,雨一時曇,雨
2013/10/25,17.2,13.7,22.5,雨,雨後一時曇
2013/10/26,16.7,10.6,5,雨後曇一時晴,晴時々曇
2013/10/27,17.3,9.5,0,晴一時雨,晴
2013/10/28,17.1,7.7,0,晴,快晴
2013/10/29,17.5,7.8,0,曇後一時晴,曇後時々雨
2013/10/30,20.7,12.7,0,曇時々晴,晴
2013/10/31,19.3,10.5,0,曇一時雨,晴
2013/11/1,16.7,7.6,0,曇一時晴,晴
2013/11/2,16.3,5.4,0,晴後一時曇,曇後一時晴
2013/11/3,20.9,8.9,2.5,晴時々曇,雨一時曇
2013/11/4,18.1,10.8,4,雨後曇,晴
2013/11/5,17.3,8.6,0,晴,快晴
2013/11/6,18,6.1,0,快晴,晴一時曇
2013/11/7,17.7,10.4,0.5,曇一時雨,晴時々曇一時雨
2013/11/8,15.4,7.4,0,晴一時雨,快晴
2013/11/9,12.5,3.3,0,晴後一時曇,曇
2013/11/10,17.1,9,1,曇一時雨,曇時々晴一時雨
2013/11/11,9.2,2.7,0,雨時々晴一時曇,晴時々曇一時みぞれ
2013/11/12,7.7,2,0,曇時々雨一時晴,曇時々雨後晴
2013/11/13,8.4,1,0,晴,晴
2013/11/14,11.1,0.7,0,晴時々曇,曇
2013/11/15,13.1,6.6,0,曇後一時雨,晴
2013/11/16,16,5.2,0,快晴,快晴
2013/11/17,15.4,3.8,0,快晴,晴
2013/11/18,16.9,5.8,0,晴,曇後雨
2013/11/19,14.9,6,0,晴,晴
2013/11/20,12.6,5.5,0,晴後曇一時雨,曇一時晴
2013/11/21,10.7,4.5,0.5,雨時々晴一時曇,晴一時雨
2013/11/22,12.7,4.5,0,晴一時雨,晴
2013/11/23,14.6,3.1,0,快晴,晴
2013/11/24,14.8,4.5,0,晴一時雨,晴
2013/11/25,13.4,3.2,5,曇後時々雨,雨後晴
2013/11/26,14.4,5.8,0.5,晴後時々雨,晴時々雨一時曇
2013/11/27,13,4.4,0,晴一時薄曇,晴後曇
2013/11/28,11.6,2.2,0,晴一時曇,晴
2013/11/29,11.3,1.1,0,晴後一時曇,雨後晴
2013/11/30,10.8,1.4,0,晴一時曇,曇時々雨一時晴
2013/12/1,12.1,3.6,0,晴,晴
2013/12/2,13.2,2.3,0,晴一時曇,晴
2013/12/3,12.6,2.5,0,晴,曇時々晴一時雨
2013/12/4,12.2,4.2,0,曇後晴,晴一時曇
2013/12/5,14.3,3.3,0,晴後一時曇,曇一時晴
2013/12/6,12.9,5.2,0,晴時々雨一時曇,晴時々曇一時雨
2013/12/7,7.8,2.1,0.5,曇時々雨一時晴,雨一時曇
2013/12/8,5.5,2,0,雨一時曇,晴後曇
2013/12/9,9.9,2.2,0,曇,曇
2013/12/10,12.3,4.3,1,曇時々晴一時雨,雨後晴
2013/12/11,11,5.4,0,晴時々曇,曇時々雨一時晴
2013/12/12,7.1,1.5,0.5,晴一時雨後曇,晴一時曇
2013/12/13,10.6,-0.3,0,晴一時雨,雪、みぞれを伴う
2013/12/14,5,-1.5,4,曇一時晴後時々雨,雪
2013/12/15,2.8,-1.5,0,雪,雪一時曇
2013/12/16,7.7,1,0,晴,薄曇一時晴
2013/12/17,9.3,1.7,0,薄曇一時晴,薄曇一時晴
2013/12/18,6.1,0.4,0,曇,曇時々雨
2013/12/19,6.2,3.5,7,雨,雨
2013/12/20,5.3,1.8,47,大雨一時みぞれ,曇一時雨
2013/12/21,5.8,1.9,0,曇一時雨,晴後一時雨
2013/12/22,5.6,-0.3,1.5,雨一時みぞれ,雪時々曇
2013/12/23,6.2,0.4,0,曇時々雪一時雨,曇後一時晴
2013/12/24,6.4,-0.3,0,晴後一時雪,晴
2013/12/25,8.3,-1.8,0,晴時々曇一時雪,晴一時曇
2013/12/26,8.8,-0.2,0,曇時々晴,雨一時曇
2013/12/27,6.1,1.1,0.5,曇,晴一時雪
2013/12/28,3.5,-0.7,3,雪,雪時々晴
2013/12/29,4.9,-0.8,0,晴一時雪,晴時々曇後雪
2013/12/30,8.5,1.4,0,雨時々曇一時雪,雨時々曇
2013/12/31,8.2,1.6,0,晴一時曇,曇時々晴一時雨
2014/1/1,9.9,1.2,5,雨時々晴,雨後一時雪
2014/1/2,3.3,0.2,3.5,雪後晴,晴後一時曇
2014/1/3,7.9,-0.6,0,曇一時晴,雨一時晴
2014/1/4,7.1,-1.2,0,晴時々雨,曇一時雪
2014/1/5,4.5,-2.4,0,晴,晴一時曇
2014/1/6,4.5,-3.3,0,晴一時雪,晴
2014/1/7,8,-1.7,0,晴,晴一時薄曇
2014/1/8,9,0.7,2.5,曇時々雨,雨一時曇
2014/1/9,6,-1.6,4.5,晴時々みぞれ一時雪,晴一時雪
2014/1/10,1.4,-3.1,0,雪一時晴,晴一時雪
2014/1/11,3.4,-3.8,0,晴,晴後一時曇
2014/1/12,8.1,-3.5,0,曇後一時雨,雪時々雨一時晴
2014/1/13,1.5,-3.2,0.5,晴後一時雪,晴一時曇
2014/1/14,3,-3,0,晴一時曇,晴
2014/1/15,5.4,-4,0,晴一時薄曇,晴時々曇
2014/1/16,5.3,-2.3,0,晴後一時雪,曇一時雪
2014/1/17,4.6,-1,0,晴時々曇,晴一時曇
2014/1/18,6.2,-2.6,0,晴時々曇,晴時々曇
2014/1/19,3.3,-1.6,0,晴時々雪,曇時々晴一時雪
2014/1/20,6.2,-1.7,0,晴時々曇,曇時々晴
2014/1/21,7.7,-0.5,0,晴一時曇,快晴
2014/1/22,4.3,-1.3,0,晴一時雪,雪一時晴
2014/1/23,3,-2.6,0,雪後晴,快晴
2014/1/24,7.3,-4.6,0,晴後一時薄曇,晴後曇
2014/1/25,9.8,1.9,0,曇一時雨,曇後晴
2014/1/26,9.2,-2.1,1,晴時々雨後一時雪,雪
2014/1/27,3.5,-2.9,0,雪後晴,快晴
2014/1/28,10.7,-3.7,0,曇時々晴,雨一時雪後晴
2014/1/29,4.9,-1.5,0,晴,晴後一時曇
2014/1/30,11.9,-2.2,0,曇,晴一時曇後雨
2014/1/31,10.5,-0.9,1,雪,晴時々雪
2014/2/1,7.3,-2.4,0,晴後薄曇,曇後一時雪
2014/2/2,9.3,1.6,1,曇後一時雨,晴
2014/2/3,13.2,3,0.5,薄曇一時晴,曇一時雨
2014/2/4,4.1,-2.1,0,曇一時雪,曇時々雪一時晴
2014/2/5,-1.1,-4.9,0,雪時々晴,晴
2014/2/6,2.5,-4.4,0,晴後一時曇,晴後一時曇
2014/2/7,1.8,-3.9,0,曇時々晴一時雪,曇一時晴
2014/2/8,-2.5,-4.7,15.5,曇後大雪,大雪
2014/2/9,3.3,-2.6,10,曇時々雪,晴
2014/2/10,5.2,-4,0,曇時々雪一時晴,晴
2014/2/11,4.3,-2.5,0,快晴,晴
2014/2/12,4.9,-3.6,0,曇後一時晴,快晴
2014/2/13,4.2,-3.5,0,晴時々曇,晴
2014/2/14,2.3,-2.7,1.5,曇後一時雪,大雪
2014/2/15,3.7,-1.6,47.5,雪,雨一時雪後時々曇
2014/2/16,6.5,-0.1,0.5,曇時々雨後一時晴,雪一時晴
2014/2/17,4.3,-1.1,2,雪時々晴,晴
2014/2/18,2.5,-2.1,0,晴時々曇一時雪,雪一時曇
2014/2/19,3.3,-2.7,0,晴時々雪一時曇,晴
2014/2/20,5.4,-4.3,0,薄曇一時晴,晴後一時雪
2014/2/21,3.1,-2.6,0,晴一時曇,晴時々曇一時雪
2014/2/22,3.5,-2.7,0,晴一時雪,晴
2014/2/23,5.1,-4.1,0,晴一時曇,快晴
2014/2/24,7,-3.9,0,晴,快晴
2014/2/25,8.8,-2.1,0,晴時々曇一時雨,晴一時曇
2014/2/26,9.7,1.1,0,晴,晴後曇
2014/2/27,11.7,1.5,0,曇時々雨,雨後曇一時晴
2014/2/28,12.3,3.6,0,晴時々曇,曇後一時晴
2014/3/1,7.9,1.2,0,曇,曇後雨
2014/3/2,3.9,0.9,1.5,雨一時みぞれ,雨後時々雪
2014/3/3,6,0.3,0.5,曇時々晴一時雪,晴
2014/3/4,7.4,-0.7,0,晴後薄曇,曇後一時雨
2014/3/5,5.5,1.6,15,雨,曇後雪一時雨
2014/3/6,5.5,-2.4,0.5,雪時々晴,雪後晴
2014/3/7,3.6,-3.4,0,晴,雪一時晴
2014/3/8,3.7,-1.9,0,雪一時晴,晴
2014/3/9,7.8,-1,0,晴,曇時々みぞれ後一時晴
2014/3/10,4.4,-2.1,0,晴時々曇一時雪,雪時々晴一時曇
2014/3/11,6.7,-1.5,0,雪時々晴一時曇,晴後曇一時みぞれ
2014/3/12,4.2,1.3,1,雨一時曇,曇一時雨
2014/3/13,5,2.6,29,雨一時曇,雨後一時晴
2014/3/14,8.1,1.2,0,曇,晴一時曇
2014/3/15,8.3,-0.4,0,晴時々曇一時雪,晴一時曇
2014/3/16,13.5,-0.3,0.5,晴時々雨一時曇,晴
2014/3/17,11.5,1.2,0,晴一時薄曇,晴後一時曇
2014/3/18,13.5,2.4,1,曇後雨,晴時々雨一時曇
2014/3/19,10.2,4.8,0,曇,曇後雨
2014/3/20,6.1,0.6,52,雨後一時雪,雨一時雪
2014/3/21,5.5,0.3,4,雪時々雨一時曇,曇時々雨一時みぞれ
2014/3/22,9,1.8,0,晴一時雨,雨一時晴
2014/3/23,9.8,2.1,0,雨一時曇,晴一時曇
2014/3/24,17.1,1.2,0,晴,晴一時薄曇
2014/3/25,19.2,8.4,0,晴,曇時々晴
2014/3/26,18.3,9.9,9,曇後一時雨,雨
2014/3/27,16.4,6.2,10,雨後晴,晴後霧一時霧雨
2014/3/28,18.1,4.3,0,快晴,晴後曇
2014/3/29,22.8,6.9,0,薄曇後晴,曇後一時雨
2014/3/30,12.2,7.3,38.5,大雨,雨後曇
2014/3/31,13.8,6.2,0,晴一時雨,晴
2014/4/1,15.3,5,0,晴,快晴
2014/4/2,15.2,3,0,晴,曇一時晴
2014/4/3,20,7,28.5,曇時々雨一時晴,大雨
2014/4/4,15.6,8.1,26.5,曇時々雨一時晴,晴一時曇後雨
2014/4/5,9.3,3,0,晴一時曇,晴後曇
2014/4/6,10.2,3,0,晴一時雨,曇一時雨
2014/4/7,13.8,4.5,0,晴,晴後一時曇
2014/4/8,17.6,5.3,0,晴一時曇,快晴
2014/4/9,15.6,3.4,0,晴,晴後一時薄曇
2014/4/10,20,4.8,0,曇時々晴,晴一時雨
2014/4/11,12.3,3.9,0,晴一時雨、大風を伴う,快晴
2014/4/12,16,2.3,0,快晴,快晴
2014/4/13,13.3,3.9,0,快晴,快晴
2014/4/14,16,2.1,0,快晴,快晴
2014/4/15,18.7,4.5,0.5,晴,晴一時雨
2014/4/16,19.5,8.3,0,晴一時薄曇,晴後一時薄曇
2014/4/17,16.5,5.1,0,晴,曇時々晴
2014/4/18,12.1,6.9,0,曇一時晴,曇一時晴
2014/4/19,9.9,4.6,0,晴時々曇,曇
2014/4/20,10.9,4.3,0,薄曇一時晴,曇一時晴
2014/4/21,13.9,6.4,3,雨一時曇,雨後曇
2014/4/22,18.4,7.4,0,薄曇一時晴,晴一時薄曇
2014/4/23,19,6.2,0,晴,快晴
2014/4/24,20.6,6.4,0,快晴,快晴
2014/4/25,21.8,7.4,0,快晴,快晴
2014/4/26,22.6,9.8,0,快晴,晴後一時薄曇
2014/4/27,21.7,10.9,0,晴時々薄曇,晴後曇
2014/4/28,22,12.2,0,曇,曇一時晴
2014/4/29,14.9,9.1,0,曇,曇後時々雨
2014/4/30,15.6,10.1,10.5,雨,雨時々曇
2014/5/1,19.4,13.7,14,雨時々曇一時晴,晴
2014/5/2,23,11.7,0,晴,晴
2014/5/3,22.2,11.1,0,曇一時晴,晴一時雨
2014/5/4,21.8,12.6,0,晴後一時薄曇,曇
2014/5/5,17.9,13.4,0,曇後雨,曇後一時雨
2014/5/6,17.5,9.3,0,曇後晴,晴
2014/5/7,19,6.7,0,快晴,晴後一時薄曇
2014/5/8,20.9,9.2,0,晴一時薄曇,晴後一時曇
2014/5/9,21.5,11.2,0.5,曇時々雨一時晴,雨一時曇
2014/5/10,19.8,9.3,0,晴,快晴
2014/5/11,21.5,8.7,0,晴,晴一時薄曇
2014/5/12,21.7,10.2,0,薄曇,雨一時曇
2014/5/13,25.2,14.3,2.5,曇後晴,晴後一時薄曇
2014/5/14,30.6,14.3,0,曇一時晴,曇
2014/5/15,20.6,14.5,6.5,曇後雨,晴時々曇一時雨
2014/5/16,21.9,13.4,0,晴一時雨、大風を伴う,晴
2014/5/17,18.9,12.1,0,晴一時曇,曇時々晴
2014/5/18,21.1,10.3,0,晴一時曇,晴後一時薄曇
2014/5/19,20.9,10.4,0,晴,晴後一時薄曇
2014/5/20,23.4,11.6,0,曇,霧雨一時曇、霧を伴う
2014/5/21,15,13,40.5,雨,雨後一時曇
2014/5/22,16.9,12.5,4,雨後時々曇,曇時々雨
2014/5/23,15.4,10,0,薄曇後一時晴,晴後一時薄曇
2014/5/24,19.7,8.5,0,晴時々薄曇,曇
2014/5/25,23.7,16.2,0,曇,曇一時雨
2014/5/26,19.2,13.9,9,曇時々霧雨一時雨,雨
2014/5/27,22.8,14,6.5,曇一時雨,曇後晴
2014/5/28,25.1,14.2,0,晴,晴後曇一時霧
2014/5/29,23.5,14.9,0,晴一時薄曇,曇時々晴一時霧
2014/5/30,26,15.7,0,薄曇一時晴,晴一時薄曇
2014/5/31,30.7,17.3,0,晴,快晴
2014/6/1,32.2,17.7,0,晴,晴
2014/6/2,27.2,17.6,0,晴後薄曇,晴後曇一時霧雨
2014/6/3,23,16.3,0,曇,曇時々霧雨
2014/6/4,24.4,17.8,0,曇一時晴,曇
2014/6/5,23.3,17,0,曇後一時雨,雨一時曇
2014/6/6,20.7,17.9,3,雨後一時曇,雨一時曇
2014/6/7,20.1,17.4,18,雨一時曇,雨
2014/6/8,18.9,17.1,43,雨,雨、霧を伴う
2014/6/9,19.5,17.1,41,雨、霧を伴う,雨、霧を伴う
2014/6/10,24.7,17.9,4.5,雨一時霧後曇,雨一時霧雨、霧を伴う
2014/6/11,20.7,17.7,9.5,雨一時霧雨後曇、霧を伴う,雨一時霧雨、霧を伴う
2014/6/12,20.3,17.7,58.5,大雨,雨後曇一時霧
2014/6/13,27.7,16.8,0,晴一時霧雨、霧を伴う,曇時々晴一時雨
2014/6/14,25.6,18.9,0,晴一時曇,曇一時晴
2014/6/15,25.7,18.3,0,晴一時薄曇,晴時々曇
2014/6/16,26,18.1,0,晴後一時雨,晴時々曇一時雨
2014/6/17,25.8,18.5,1,晴時々曇一時雨,曇時々霧雨
2014/6/18,23.9,19.4,0,曇,曇一時霧雨
2014/6/19,25.5,19,1.5,曇時々晴一時雨,曇時々雨
2014/6/20,25.5,18.8,1,曇,晴時々曇
2014/6/21,24.7,17.9,0,曇,曇後一時雨
2014/6/22,23.3,19,0,雨後時々曇,曇後晴
2014/6/23,28.6,16.2,0,晴,晴後一時薄曇
2014/6/24,24,16.9,0,曇,曇
2014/6/25,25.1,19.7,0,曇一時晴,曇後一時晴
2014/6/26,26.3,19.7,0,晴後一時曇,曇
2014/6/27,25.5,20.8,0,曇,曇一時雨
2014/6/28,24,20.3,7.5,雨時々曇,雨一時曇
2014/6/29,23.7,19.4,52,大雨、雷を伴う,雨時々曇
2014/6/30,22.6,17.3,1.5,曇,曇一時晴
2014/7/1,26.7,19.3,6,晴後曇一時雨,晴
2014/7/2,27.2,18.4,0,晴,曇一時晴
2014/7/3,25.9,20.9,0,曇,曇後一時雨
2014/7/4,24.9,19.8,10,雨時々曇,雨後一時霧雨
2014/7/5,24.6,19.4,0.5,曇一時晴,雨後一時晴
2014/7/6,26.9,19.3,0,薄曇時々晴,曇
2014/7/7,24.9,20.7,5,曇後一時雨,曇一時雨
2014/7/8,27.8,20.8,0,曇時々晴,曇時々晴後一時雨
2014/7/9,24.4,20.1,19.5,雨時々曇、雷を伴う,雨
2014/7/10,23.2,21.1,18.5,雨後一時霧,雨一時霧後時々曇
2014/7/11,31.6,21.5,0.5,曇時々晴一時雨、霧を伴う,晴一時曇
2014/7/12,31.5,20.3,0,晴,曇一時晴
2014/7/13,27.1,21.7,4.5,雨時々曇,曇時々雨
2014/7/14,28.7,20.8,0,曇後一時晴,晴時々曇
2014/7/15,31.2,20.1,0,晴,曇
2014/7/16,26.7,19.8,3.5,雨一時曇,曇一時雨
2014/7/17,25.2,19.5,9,曇一時雨,雨時々曇
2014/7/18,23.7,20.6,0.5,曇時々雨一時霧雨,曇時々雨
2014/7/19,22.5,19.5,14.5,雨一時霧雨,雨
2014/7/20,22.9,19.2,8.5,雨一時曇,雨後曇
2014/7/21,26.1,19.8,0,晴,曇時々霧雨一時晴
2014/7/22,27.9,19.9,0,曇一時晴,曇
2014/7/23,30.7,23,0,曇,雨一時曇
2014/7/24,32.1,23.6,0.5,曇時々晴一時雨,晴後一時曇
2014/7/25,32.8,23.3,0,晴,晴
2014/7/26,30.3,23.5,0,晴,晴
2014/7/27,32.8,23.4,0,晴一時曇,晴
2014/7/28,30.7,21.5,0,晴,晴
2014/7/29,29.9,18.9,0,晴後一時薄曇,晴後一時曇
2014/7/30,29,19.8,0,薄曇後時々晴,快晴
2014/7/31,30.9,21.9,22,晴一時雨、雷を伴う,晴後曇
2014/8/1,32,23.9,24.5,曇時々雨、雷を伴う,晴
2014/8/2,32.4,23.4,0,晴,快晴
2014/8/3,32.3,23.4,0,晴,晴一時曇
2014/8/4,32.5,24.5,0,曇時々晴一時雨,晴時々曇
2014/8/5,34.7,25.7,0,晴,晴一時曇
2014/8/6,33.7,25.9,0.5,晴,曇時々晴一時雨
2014/8/7,34.2,24.8,0,晴後一時雨、雷を伴う,曇一時晴
2014/8/8,29.2,21.1,20,曇後雨,雨後一時曇
2014/8/9,24.7,20.7,4.5,雨時々曇,雨時々曇
2014/8/10,25.1,20,22.5,雨,雨一時曇
2014/8/11,28.6,23.5,0,曇一時雨,曇
2014/8/12,27.1,20.3,2,雨時々曇,曇一時雨
2014/8/13,29.8,20.6,0,晴後曇,曇後一時雨
2014/8/14,30.2,22.8,0,曇後一時晴,曇
2014/8/15,24.4,21.2,0.5,曇後一時雨,雨
2014/8/16,21.7,20.2,5.5,雨後一時曇,雨後一時霧雨
2014/8/17,23.3,19.8,2.5,雨一時曇,曇後一時霧雨
2014/8/18,29.2,22.2,0,曇後晴,曇一時晴後霧雨、霧を伴う
2014/8/19,29.2,22.1,0,晴時々曇、霧を伴う,晴一時曇
2014/8/20,35.4,23.9,0,晴一時曇,晴
2014/8/21,31.8,23.9,0.5,雨時々曇一時晴,曇
2014/8/22,30.1,23.5,0.5,曇時々晴,曇一時雨、雷を伴う
2014/8/23,30.9,23.1,0,曇一時雨,曇後一時晴
2014/8/24,31.6,21.8,17.5,曇時々晴後一時雨、雷を伴う,晴時々曇
2014/8/25,28.2,21.1,0,曇,曇後時々雨
2014/8/26,23.1,18.8,4.5,雨,曇一時雨
2014/8/27,20.2,17.7,10.5,雨一時曇,雨後一時霧雨
2014/8/28,22.5,17.7,2.5,雨一時霧雨後曇,雨時々曇一時霧雨
2014/8/29,25.3,19.7,0.5,曇,曇一時雨
2014/8/30,25.7,19.8,14,雨後曇,晴一時曇
2014/8/31,26,19,0,晴一時曇,曇時々晴一時雨
2014/9/1,24.4,19,5,曇,雨時々曇
2014/9/2,27.2,19.3,6.5,曇時々晴一時雨,曇
2014/9/3,24.2,19.2,0,曇,曇時々雨
2014/9/4,23.3,19.7,1,曇,曇
2014/9/5,27.7,21.8,1,曇時々雨,晴
2014/9/6,29.4,19.4,0,薄曇,曇後時々雨
2014/9/7,25.4,18.6,5,晴一時雨,晴
2014/9/8,24.8,17.4,0,曇後時々晴,晴時々曇後一時雨
2014/9/9,26.3,19.3,0,晴一時曇,曇
2014/9/10,25.3,19.8,0,曇一時晴,曇一時雨
2014/9/11,24.2,17.3,57.5,曇後大雨、雷を伴う,晴一時雨
2014/9/12,26.7,14.3,0,晴,晴後一時曇
2014/9/13,24.9,17,8,晴後一時雨,晴一時雨
2014/9/14,25.2,15.9,0,晴,晴
2014/9/15,23.1,14.3,0,薄曇,曇時々晴
2014/9/16,27.2,17.1,0,晴,晴後時々薄曇
2014/9/17,23.1,14.8,0,曇,曇
2014/9/18,23.5,15.4,0,晴,晴
2014/9/19,25.8,13.5,0,晴,晴
2014/9/20,24.3,13.5,0,晴,快晴
2014/9/21,24.8,13.1,0,晴,晴一時曇
2014/9/22,24.9,13.6,0,晴,晴
2014/9/23,24.9,15.1,0,薄曇,薄曇
2014/9/24,22.7,15.5,9,曇,雨一時曇
2014/9/25,23,18.2,19,雨後一時曇,曇後晴
2014/9/26,25.9,16.1,0,晴後一時曇,曇
2014/9/27,21.8,14.6,0,晴時々曇,晴一時曇
2014/9/28,25.1,14,0,晴,晴
2014/9/29,26.3,15.3,0,晴,晴後一時曇
2014/9/30,26.3,16.7,0,晴時々曇,晴一時曇
2014/10/1,21.1,15.1,0,晴,曇一時晴
2014/10/2,21,15.1,5,曇後一時雨,雨一時曇
2014/10/3,24.6,18,1.5,曇一時晴,晴一時曇
2014/10/4,25.8,15.1,0,晴後時々薄曇,曇
2014/10/5,15.9,12.7,7.5,曇後時々雨,大雨
2014/10/6,18.2,12.7,78.5,大雨,雨時々曇
2014/10/7,21.7,12.9,0.5,晴,晴
2014/10/8,20.9,9.3,0,快晴,晴
2014/10/9,20.5,9.3,0,晴一時曇,晴
2014/10/10,26.5,13.4,0,晴,快晴
2014/10/11,22,11.8,0,快晴,晴後一時曇
2014/10/12,19.1,10.4,0,曇後晴,曇一時晴
2014/10/13,17.5,11.9,39.5,曇後雨,大雨
2014/10/14,21.6,14.4,110,晴時々曇一時雨,晴一時雨
2014/10/15,19.4,10.7,0,晴後薄曇,曇
2014/10/16,16.4,11.4,0,曇時々雨,晴一時雨、雷を伴う
2014/10/17,19.9,10.4,2,晴,晴
2014/10/18,21.4,9,0,晴,晴
2014/10/19,21.4,10.5,0,快晴,晴
2014/10/20,20.8,10.7,0,曇,雨後曇
2014/10/21,21.9,14.2,2,曇後雨,雨一時曇
2014/10/22,15.4,10.9,9.5,雨後一時曇,曇
2014/10/23,16,9.1,0,晴後曇,曇
2014/10/24,17.2,10.2,0,晴一時曇,快晴
2014/10/25,20,7.8,0,快晴,快晴
2014/10/26,20.6,8.2,0,晴一時霧,曇時々雨一時晴
2014/10/27,23.7,11.3,0.5,晴一時雨,晴一時雨
2014/10/28,12.1,8.3,0,雨後晴,晴
2014/10/29,17.5,9.6,0,晴,快晴
2014/10/30,18.6,7.4,0,快晴,快晴
2014/10/31,21,8.6,0,曇時々晴,曇後一時雨
2014/11/1,15.1,12.7,6.5,雨後一時曇,　雨時々曇一時霧
2014/11/2,21.2,13.3,9.5,　曇時々晴後一時雨、霧を伴う,雨後一時曇
2014/11/3,19,8.7,0.5,雨一時晴,雨時々晴
2014/11/4,15.5,7.7,0,晴一時曇,快晴
2014/11/5,14.8,4.3,0,晴後一時曇,快晴
2014/11/6,18.9,6.4,0,晴後一時曇,曇時々雨一時晴
2014/11/7,14.8,8.6,0,晴一時曇,快晴
2014/11/8,16.8,5.5,0,晴後薄曇,曇
2014/11/9,12.6,9.3,2,曇後雨,雨後曇一時晴
2014/11/10,18.4,7.7,0,晴,快晴
2014/11/11,15.7,5.5,0,曇時々晴,曇
2014/11/12,16.1,10.7,0,雨後曇,晴
2014/11/13,14.6,5.4,0,雨時々晴,雨
2014/11/14,10.5,4.9,0,曇時々晴一時雨,晴後曇
2014/11/15,8.9,4.5,0,雨一時晴,曇
2014/11/16,11.1,5.2,0,曇後一時晴,晴
2014/11/17,12.4,3.8,1,曇一時晴,曇時々晴一時雨
2014/11/18,11.3,3.6,0,晴一時雨,晴
2014/11/19,11.9,2.4,0,晴,快晴
2014/11/20,10.7,1.8,0,曇一時晴,晴
2014/11/21,13.4,1.9,0,晴,薄曇
2014/11/22,18.3,6.1,0,晴一時曇,曇一時晴
2014/11/23,14.9,5.8,0,曇後晴,晴
2014/11/24,11.5,3.3,0,薄曇時々晴,曇
2014/11/25,10.2,7.5,4,雨,曇後時々雨
2014/11/26,7.6,2.5,31.5,雨,雨一時霧雨
2014/11/27,15.2,5.8,0,晴一時曇,快晴
2014/11/28,15.1,4.6,0,晴一時曇,曇後一時雨
2014/11/29,12.7,9.6,11.5,雨時々曇,曇
2014/11/30,11.5,9.7,4,曇時々雨一時霧雨,雨
2014/12/1,13.9,9,20.5,雨,晴時々雨
2014/12/2,11.6,2.4,5,雨,雨
2014/12/3,8.1,2.1,2,雨,雨後曇
2014/12/4,6.9,3,0,曇一時晴,曇時々晴
2014/12/5,5.4,-1.1,1,曇時々晴一時みぞれ,晴
2014/12/6,5.3,-2.6,0.5,晴後曇一時雪,晴一時雪
2014/12/7,5.2,-1.2,0,晴,曇時々晴
2014/12/8,8.2,-1.2,0,晴一時曇,曇一時晴
2014/12/9,6.9,2,0,曇後一時雨,晴
2014/12/10,8,2.5,0,曇一時晴,曇
2014/12/11,14.2,3,0,曇後一時晴,雨時々曇一時晴
2014/12/12,6.1,0.4,0,曇後一時晴,曇時々晴
2014/12/13,5.1,-1.1,0,曇時々晴一時雪,晴
2014/12/14,1.9,-1.5,0,晴時々曇一時雪,曇時々雪一時晴
2014/12/15,2.6,-2.4,0,晴一時雪,曇一時晴
2014/12/16,5.2,-2.3,8,雪一時曇後雨,雨時々雪一時みぞれ
2014/12/17,4.2,-2.3,2,雪,雪後一時晴
2014/12/18,4.9,-2.7,1.5,雪一時晴,晴
2014/12/19,7.3,0.4,0,晴後一時薄曇,晴後曇
2014/12/20,7.7,0.6,13,曇後一時雨,雨後一時晴
2014/12/21,8.4,-0.5,0,晴一時曇,晴一時曇
2014/12/22,4.3,-2.1,2.5,曇時々晴後一時雪,雪後一時晴
2014/12/23,4.4,-2.2,0,晴,晴後一時曇
2014/12/24,10.1,0.1,0,曇後一時雨,雨一時曇後晴
2014/12/25,5.2,-2,0,晴後時々雪,晴一時雪
2014/12/26,3.8,-2.6,0,晴後一時雪,雪時々晴
2014/12/27,4.1,-4.3,0,晴,快晴
2014/12/28,7.8,-2.5,0,晴一時薄曇,晴後曇
2014/12/29,5.7,0.7,1.5,雨後一時晴,晴一時曇
2014/12/30,6.5,-0.2,2,曇時々雨,雨後一時曇
2014/12/31,7.1,0.4,8.5,雨時々晴一時曇,雪一時雨後時々曇
2015/1/1,3.2,-2.1,0,晴時々雪一時曇,晴一時雪
2015/1/2,3,-3.3,0,晴一時雪,薄曇時々晴後一時雪
2015/1/3,3.1,-2.5,0,雪時々晴,晴後曇
2015/1/4,4.8,0.6,0,曇時々雨一時雪,曇一時雨
2015/1/5,9.5,0.8,0,晴,曇一時晴
2015/1/6,10.3,1.3,0,曇後時々雨,曇時々晴一時雨
2015/1/7,3.2,-0.7,0,雪一時晴,晴一時雪
2015/1/8,5.7,0.6,0,晴時々曇後一時雪,晴一時雪
2015/1/9,5.3,-0.7,0,晴後雪,晴
2015/1/10,5.1,-0.5,0,晴時々雪一時曇,晴一時雪
2015/1/11,6.1,0.4,0,晴後時々曇,雪時々晴一時曇
2015/1/12,5.8,-1.2,0,晴,晴
2015/1/13,7.6,1.8,0,晴一時曇,晴
2015/1/14,8.7,2.2,0,晴後曇,曇
2015/1/15,6.2,1.5,8,曇後一時雨,雨一時みぞれ後晴
2015/1/16,7.4,1.4,0,晴後曇,曇一時晴後時々雨
2015/1/17,7.4,-3.3,0.5,雨一時みぞれ後雪,雪後一時晴
2015/1/18,4.2,-3.4,0,晴時々雪,晴後曇
2015/1/19,7.7,-1.5,0,晴時々曇後一時雨,晴一時曇
2015/1/20,4.1,-0.7,0,晴、大風を伴う,晴
2015/1/21,4.5,-2.4,0,曇一時晴,雨時々曇
2015/1/22,4.4,0.7,2.5,雨時々霧雨,雨後一時曇
2015/1/23,8.3,1.8,1.5,雨時々曇一時みぞれ,晴
2015/1/24,6.6,0.1,0,晴一時曇,曇一時晴
2015/1/25,7,0.6,0,　曇一時晴,曇
2015/1/26,5.2,4.1,0,曇一時雨後霧雨,曇一時霧雨
2015/1/27,11.8,2.1,0.5,晴時々曇一時雨,晴
2015/1/28,4,-2,0,晴時々曇後一時雪,曇時々晴
2015/1/29,5.8,-3.4,0,晴後一時曇,曇
2015/1/30,1.2,-0.9,26,曇後大雪,雪時々雨一時晴
2015/1/31,7.2,-0.4,2.5,曇時々晴後一時みぞれ,雨一時みぞれ後晴
2015/2/1,3,-0.6,0,晴,晴
2015/2/2,3.7,-1.5,0,晴一時雪,晴後一時曇
2015/2/3,4,0.1,0,曇時々雪,曇
2015/2/4,4.6,-0.6,0,曇一時雪,曇時々晴
2015/2/5,4.1,-1.7,0,曇時々晴一時雨,曇後晴
2015/2/6,6.9,-0.6,0,晴,晴
2015/2/7,7.3,-1.4,0,晴時々薄曇,曇後一時みぞれ
2015/2/8,6.3,1.4,0.5,曇時々雨,晴一時曇
2015/2/9,3.3,-3.5,0.5,雪一時曇,曇後一時雪
2015/2/10,4,-4.3,0,晴,晴後一時曇
2015/2/11,7.2,-0.6,0,曇後一時雨,曇一時晴
2015/2/12,9.1,0.4,0,曇時々晴後一時雨,曇時々晴一時雨
2015/2/13,4.6,-0.4,0,晴時々雪,晴時々雪
2015/2/14,3.7,-2.3,1,雪一時晴,雪時々晴
2015/2/15,3.9,-1.2,0.5,晴一時雪,晴
2015/2/16,8.2,2.5,0,晴,晴
2015/2/17,5.3,-0.5,8.5,雨時々曇,雨後一時みぞれ
2015/2/18,2.8,0.8,9,みぞれ一時雨,雪時々雨一時みぞれ
2015/2/19,5.6,0.6,2.5,雨一時みぞれ,曇時々雨一時晴
2015/2/20,7.5,0.4,0,曇時々晴後一時雨,曇時々晴
2015/2/21,7.5,0,0,晴一時曇,曇
2015/2/22,8.8,2,0.5,曇,曇時々雨
2015/2/23,13.8,5.8,0,曇,曇時々晴
2015/2/24,12.2,3.6,0,晴時々曇,晴
2015/2/25,9.3,0.5,0,晴時々曇,晴後一時曇
2015/2/26,5.1,-0.1,6.5,曇後一時雨,雨時々曇一時晴
2015/2/27,7.4,1.3,0.5,雨後一時雪,雪一時曇後晴
2015/2/28,9.2,0.9,0,晴一時薄曇,晴後曇
2015/3/1,6,0.5,31,雨一時曇,雨後一時晴
2015/3/2,6.9,2.8,1,晴一時雪,晴
2015/3/3,6.3,-0.2,3.5,曇一時晴,雨
2015/3/4,13.6,1,14.5,雨一時曇後晴,曇時々晴一時雨
2015/3/5,10.6,3,0,晴後一時薄曇,晴
2015/3/6,9.1,0.7,0,晴後一時曇,曇後一時霧雨
2015/3/7,8.2,1.8,0,曇,曇一時晴
2015/3/8,9.3,3.6,0.5,曇後雨,曇一時雨
2015/3/9,8.4,6.1,81,雨一時曇,大雨
2015/3/10,8.9,-1.6,26.5,曇時々晴後一時雪、大風を伴う,雪一時曇
2015/3/11,5.7,-1.3,0.5,雪時々晴,雪一時曇
2015/3/12,6.7,0.1,0,雪一時曇後晴,雪一時曇
2015/3/13,6.1,0.2,0,雨時々雪一時曇,雨一時曇後時々晴
2015/3/14,8.7,0.6,0,晴一時曇,晴
2015/3/15,10.2,-0.7,0,晴,晴一時曇
2015/3/16,13.7,2.4,0,晴後薄曇,曇
2015/3/17,15.7,5.3,0,晴一時薄曇,晴
2015/3/18,17.1,7.3,0,曇一時晴,曇後雨
2015/3/19,11.2,6.4,24.5,雨後一時曇,曇後晴一時霧
2015/3/20,12.5,5.7,0,曇一時晴,晴
2015/3/21,12.9,1.9,0,薄曇後晴,晴一時曇
2015/3/22,14.4,3.8,0,晴後時々曇,曇一時雨後晴
2015/3/23,8.3,0.7,0.5,雨一時曇後雪,雪時々晴一時曇
2015/3/24,7.7,0.2,1,雨時々晴一時雪,晴時々曇一時雪
2015/3/25,9.3,2.5,0,晴,晴
2015/3/26,12.2,1.5,0,晴,晴
2015/3/27,18.7,2.1,0,晴後一時薄曇,晴
2015/3/28,19.2,4.9,0,薄曇一時晴,晴後薄曇
2015/3/29,19.7,6.5,0,曇時々晴一時雨,曇一時雨後晴
2015/3/30,18.9,7.8,0,快晴,晴後曇
2015/3/31,16.2,7.1,0,曇,曇一時晴
2015/4/1,13.7,4.9,14,雨,雨後晴
2015/4/2,13.3,3.6,0,晴,晴後一時曇
2015/4/3,20.5,5.6,0,曇後一時雨,曇一時雨
2015/4/4,15.3,6.9,0,晴時々曇,晴後曇一時雨
2015/4/5,10.6,6.5,15,雨,雨後晴、霧を伴う
2015/4/6,20.3,8.1,3,曇時々晴後一時雨、霧を伴う,雨
2015/4/7,10.5,3.6,1.5,雨後曇,曇
2015/4/8,7.2,2.7,0,曇,曇後一時晴
2015/4/9,9.9,1.3,0,晴,曇一時晴
2015/4/10,9.2,3.7,9,雨一時曇,雨
2015/4/11,13.2,7.3,10.5,雨後一時曇,晴
2015/4/12,13.7,4,0,晴後薄曇,曇
2015/4/13,11.2,7.7,4.5,曇後一時雨,雨
2015/4/14,14.9,7.9,14,曇時々雨一時霧雨,雨、霧を伴う
2015/4/15,18.5,9.8,19,曇時々雨一時晴、雷を伴う,曇時々晴一時雨
2015/4/16,20.2,7.3,0,曇一時晴,薄曇
2015/4/17,18.4,8.3,0,曇時々晴一時雨,曇後晴
2015/4/18,20.6,5.8,0,晴,晴
2015/4/19,19,7.2,0,曇一時晴,雨時々曇
2015/4/20,12.2,9,6,雨時々曇一時霧雨,雨一時霧雨
2015/4/21,17.8,8.3,4,曇一時晴,晴一時曇
2015/4/22,17.6,4.7,0,晴後薄曇,薄曇
2015/4/23,21.7,9.2,0,晴一時薄曇,霧一時晴
2015/4/24,20.1,8.6,0,薄曇一時晴,曇後時々晴
2015/4/25,21.3,10.4,0,晴,快晴
2015/4/26,19.9,7.6,0,晴,快晴
2015/4/27,25.2,9.5,0,快晴,快晴
2015/4/28,26.9,13,0,晴,晴後一時薄曇
2015/4/29,22.1,12.8,0,晴時々薄曇,曇時々晴
2015/4/30,22.1,12.1,0,晴,晴後一時霧
2015/5/1,23.8,10.6,0,晴時々薄曇,晴
2015/5/2,24.2,12.8,0,晴,晴後一時霧
2015/5/3,21.9,10.5,0,曇一時霧,曇後一時霧
2015/5/4,20.7,15.1,0,曇一時晴,曇時々雨一時晴
2015/5/5,22.2,11.6,0,薄曇後晴,晴
2015/5/6,20.2,9.8,0,晴後薄曇,曇
2015/5/7,24.2,12.7,0,薄曇後一時晴,晴後時々薄曇
2015/5/8,20.4,12,0,薄曇一時晴,晴後曇
2015/5/9,20.4,10.6,0,曇後時々雨,曇時々晴
2015/5/10,19.1,10,0,晴一時薄曇,晴
2015/5/11,23.4,9.1,0,晴後一時薄曇,曇
2015/5/12,19.4,11.3,2,曇一時雨,雨後一時曇
2015/5/13,24.7,14.6,2.5,晴時々曇,晴
2015/5/14,29.1,17.5,0,晴時々薄曇,晴時々雨一時曇
2015/5/15,21.4,13.3,3.5,晴時々薄曇,曇時々雨、雷を伴う
2015/5/16,24.6,13.4,14,雨後曇一時晴、雷を伴う,晴
2015/5/17,25.5,11.1,0,晴,晴
2015/5/18,23,12.2,1.5,曇,雨時々曇
2015/5/19,19.2,12.8,21,雨時々曇一時晴,晴
2015/5/20,21.5,11.8,0,晴後一時薄曇,曇
2015/5/21,21.3,13.6,0,晴,晴後一時薄曇
2015/5/22,28.5,11.5,0,晴時々薄曇,快晴
2015/5/23,30.6,15.3,0,晴後薄曇,薄曇後晴
2015/5/24,27.7,15.4,0,晴一時薄曇,晴
2015/5/25,23.2,14.5,0,晴後時々曇,曇
2015/5/26,26.3,15.4,0,晴一時曇,晴
2015/5/27,25.5,15,0,晴一時曇,曇
2015/5/28,19.3,14.9,0,曇,曇
2015/5/29,24.4,16.8,0,薄曇,曇時々霧雨
2015/5/30,28.3,18.9,0.5,晴時々薄曇,曇時々雨
2015/5/31,25.9,15.7,0,曇一時晴,晴後一時薄曇
2015/6/1,24.8,13.2,0,晴,晴後一時薄曇
2015/6/2,27,14.8,0,曇一時晴,曇
2015/6/3,22.7,17.4,0,曇一時雨,曇一時雨後晴
2015/6/4,21.3,14.2,0,曇一時晴,晴
2015/6/5,25.2,13.1,0,曇,曇後雨
2015/6/6,18.9,12.2,10.5,雨後晴,晴
2015/6/7,23.2,10.8,0,晴,晴後一時薄曇
2015/6/8,23.6,14.9,0,薄曇一時晴,曇後時々雨
2015/6/9,21.4,15.7,19.5,雨後時々曇,　曇後一時晴
2015/6/10,28.4,17.7,0,晴,　晴後一時薄曇
2015/6/11,26.3,15.7,0,晴時々薄曇,曇後一時霧雨、霧を伴う
2015/6/12,19.9,17.9,2,霧雨一時雨、霧を伴う,曇一時雨、霧を伴う
2015/6/13,25.1,17.9,0,薄曇一時晴,曇、雷を伴う
2015/6/14,26.2,19.3,0,曇時々雨一時晴,曇一時晴、霧を伴う
2015/6/15,29,18.2,0,晴後一時雨,晴後曇
2015/6/16,26.6,18.7,0,曇後一時雨,曇時々霧雨
2015/6/17,23.5,19.1,0,曇一時霧雨,曇
2015/6/18,23,18.5,0,曇,曇後一時雨
2015/6/19,21.4,17.5,2,曇後一時雨,雨後曇一時晴
2015/6/20,25,16.7,0,晴後一時曇,曇、雷を伴う
2015/6/21,26.1,17.9,5.5,曇時々晴後一時雨,雨後曇
2015/6/22,26,18.6,0,曇時々晴,曇
2015/6/23,25.6,19.2,0,曇一時雨、雷を伴う,曇時々晴
2015/6/24,26.6,18.9,0,晴後一時曇,曇後時々雨
2015/6/25,25.7,19.5,0,曇一時晴,曇
2015/6/26,24.9,20.4,20,曇,大雨一時曇
2015/6/27,20.9,19,70.5,大雨,曇時々雨一時晴
2015/6/28,20.2,12.5,0,曇一時雨,雨時々曇
2015/6/29,23.8,12.7,0.5,晴,曇時々晴
2015/6/30,23.8,17.2,0,曇,曇後一時雨
2015/7/1,19.6,18.1,14,雨後一時曇,曇
2015/7/2,27.7,17.8,0,晴後薄曇,曇
2015/7/3,26,20.2,0,曇,曇
2015/7/4,23,19.6,0,曇一時雨,曇後一時雨
2015/7/5,23.5,19.3,0,曇,曇
2015/7/6,22.7,19.1,0.5,曇,曇一時雨
2015/7/7,26.8,19.2,0,薄曇時々晴,薄曇
2015/7/8,24.8,18,6,曇後時々雨,雨後一時曇
2015/7/9,24,18,0,曇,曇後一時晴
2015/7/10,27.8,18.6,0,晴,快晴
2015/7/11,31.8,17.1,0,晴,晴
2015/7/12,32.5,19.9,0,晴後薄曇,晴後一時薄曇
2015/7/13,29.7,19.6,0,薄曇,薄曇一時晴
2015/7/14,33.6,22.8,0,晴時々曇,晴
2015/7/15,33.9,24.9,0,晴後曇,曇時々晴後一時雨
2015/7/16,25.2,21.7,20.5,雨,曇時々雨
2015/7/17,27.6,22,1,曇後一時雨,曇一時雨
2015/7/18,29.6,22,1,曇後雨,曇
2015/7/19,31.6,23.9,0,曇後一時晴,晴後曇一時雨
2015/7/20,28.2,22.1,3,曇一時雨,曇
2015/7/21,30.5,22.6,0,晴後一時曇,曇一時晴
2015/7/22,33.1,23.5,0,晴後一時薄曇,曇一時雨、雷を伴う
2015/7/23,28.8,24.6,4,雨後一時曇,曇
2015/7/24,29.7,24.2,3.5,曇時々雨,雨時々曇
2015/7/25,30.1,24.1,1,曇,晴一時曇
2015/7/26,33.2,23.1,0,晴,快晴
2015/7/27,35.1,23.2,0,晴後曇,曇一時晴
2015/7/28,31.7,25,0,曇,曇後晴
2015/7/29,33,24.5,0,晴,晴後曇
2015/7/30,30.3,24.2,0,晴時々曇一時雨,晴一時曇
2015/7/31,33.6,24.6,0,晴,快晴
2015/8/1,33.8,24.6,0,晴,快晴
2015/8/2,33.5,24.9,0,晴,曇後一時晴
2015/8/3,33.1,25.5,0,曇,晴時々薄曇
2015/8/4,35.2,25.2,0,晴後薄曇,薄曇後晴
2015/8/5,36.6,25.4,0,晴,晴
2015/8/6,36.1,26.4,0,晴後一時薄曇,晴一時曇
2015/8/7,35.3,24.8,0,晴,曇
2015/8/8,27.5,23.1,0,曇一時雨,曇時々晴後一時雨
2015/8/9,29.7,21.5,1.5,曇時々晴一時雨,曇一時晴
2015/8/10,31.4,24,0,曇一時晴,曇一時霧雨
2015/8/11,30.2,23,18.5,曇、雷を伴う,曇一時雨、雷を伴う
2015/8/12,30,22.9,3,曇後一時雨、雷を伴う,晴後曇
2015/8/13,23.7,21.2,17.5,雨一時曇,雨一時曇、雷を伴う
2015/8/14,24.8,21,24,雨一時曇,曇時々雨後一時晴
2015/8/15,29.9,21.5,1,晴一時雨,曇一時晴
2015/8/16,27.5,23.1,0,曇,曇
2015/8/17,25.6,22.5,60.5,雨一時曇,大雨後曇一時晴
2015/8/18,33,22.1,0,晴時々曇,晴後時々曇
2015/8/19,30.7,21.5,0,曇一時晴,晴時々曇
2015/8/20,26.9,19.6,0,曇,曇後一時雨
2015/8/21,26.1,21.5,24,雨時々曇一時霧雨,雨時々曇
2015/8/22,27.9,22.1,3,曇時々雨,雨時々霧雨一時曇
2015/8/23,22.7,20.8,5,雨後曇,曇
2015/8/24,24.4,18.3,0,曇後一時雨,曇
2015/8/25,21.8,17.5,0,曇,雨時々曇
2015/8/26,22.4,17.5,9.5,雨後曇,雨
2015/8/27,20.7,17.6,12,雨,雨時々曇
2015/8/28,22.8,18.3,0.5,曇一時雨,曇後雨
2015/8/29,21,18.3,15.5,雨後一時曇,雨時々曇
2015/8/30,20,18.5,21,雨,雨後時々曇
2015/8/31,21.3,18.6,3,曇時々雨,雨時々曇一時霧雨
2015/9/1,24.4,19,2.5,曇時々雨,曇時々霧一時雨
2015/9/2,32.3,21.3,0,曇後晴、霧を伴う,曇時々晴
2015/9/3,26.6,20.2,1.5,曇一時雨,雨時々曇
2015/9/4,28.3,20.4,0.5,曇時々晴,晴
2015/9/5,26.9,18.3,0,曇,曇後一時雨
2015/9/6,22.3,18.7,29.5,雨時々曇,大雨
2015/9/7,21.3,18.8,13.5,雨時々曇,雨一時曇
2015/9/8,19.2,17.7,26.5,雨後一時曇,雨
2015/9/9,23,17.3,9.5,雨時々曇,雨時々曇
2015/9/10,23.1,21.6,108,大雨一時曇,大雨
2015/9/11,25.3,18.8,163.5,曇一時雨,晴
2015/9/12,26.7,16.5,0,晴,曇後一時雨
2015/9/13,26.4,18,4.5,曇時々雨一時晴,曇時々晴
2015/9/14,24.3,16.4,0,晴一時曇,晴
2015/9/15,24.4,15.2,0,晴一時曇,晴後曇
2015/9/16,23.2,17,0,曇,曇
2015/9/17,22,16.3,34,曇後雨,大雨
2015/9/18,22.7,14.9,17.5,曇時々雨,雨時々曇
2015/9/19,27,18.6,4.5,晴,晴後一時曇
2015/9/20,26.6,17.6,0,曇後晴,快晴
2015/9/21,25.3,15.6,0,晴時々薄曇,晴一時薄曇
2015/9/22,26.7,15.1,0,晴,晴
2015/9/23,25.9,15.4,0,薄曇後晴,曇一時晴
2015/9/24,22.3,16.8,0,曇,曇後雨
2015/9/25,19.3,15.9,9,雨一時曇,雨
2015/9/26,20.3,15.9,16.5,雨後曇,曇後一時霧
2015/9/27,25.6,16.8,0,晴時々曇一時雨,快晴
2015/9/28,25.6,13.9,0,晴,曇一時晴
2015/9/29,22.5,15.5,0,晴,晴後一時雨
2015/9/30,22.7,13.8,0,晴,曇時々晴
2015/10/1,22.6,11.9,5.5,曇時々晴後一時雨,雨一時曇
2015/10/2,22.6,14.5,0,晴一時曇,快晴
2015/10/3,26.5,11.7,0,晴一時曇,晴
2015/10/4,21.8,11.7,0,晴,晴後一時曇
2015/10/5,20.6,9.8,0,晴一時曇,晴
2015/10/6,19.7,10.9,0,晴一時曇,曇後時々晴
2015/10/7,19.6,12,0,晴一時曇,晴後一時曇
2015/10/8,22,14.2,0,薄曇後晴一時雨、大風を伴う,晴一時雨
2015/10/9,23,14.8,0,晴後一時曇,薄曇一時晴
2015/10/10,24.7,13.5,0,薄曇時々晴,曇
2015/10/11,19.5,15,1,雨時々曇,曇後晴
2015/10/12,22.9,13.3,0,晴後一時曇,晴
2015/10/13,19.6,11.8,0,曇一時雨,晴一時雨
2015/10/14,19.7,9,0,晴,晴後曇
2015/10/15,19.8,10.4,0,晴一時薄曇,晴一時曇
2015/10/16,19.7,8.8,0,晴,快晴
2015/10/17,21.6,9.6,0,快晴,曇時々晴
2015/10/18,21.5,13.6,0,晴一時曇,晴後一時曇
2015/10/19,19.9,13,0.5,曇時々晴後一時雨,雨時々曇
2015/10/20,22,11.9,0,曇時々晴、霧を伴う,晴
2015/10/21,17.3,9.2,0,晴後一時曇,曇時々晴
2015/10/22,19.8,11.2,0,晴時々曇,曇一時雨後晴
2015/10/23,18.6,7.8,0,晴後時々曇,曇後一時晴
2015/10/24,23.9,11.9,1,曇時々晴,晴一時雨
2015/10/25,14.3,9.4,0,晴時々雨,晴
2015/10/26,16.6,8.4,0,晴,薄曇後一時晴
2015/10/27,19.4,5.8,0,晴後時々薄曇,曇一時雨
2015/10/28,21.2,12.8,0,晴一時曇,晴後曇
2015/10/29,20.4,9.9,0,晴時々曇,曇
2015/10/30,17.7,8.1,0,晴一時雨,晴
2015/10/31,12.9,6.6,0,曇,曇時々晴
2015/11/1,16.9,6.6,0,晴,晴後曇
2015/11/2,11.5,7.4,13.5,雨一時曇,曇一時雨
2015/11/3,17.9,8.2,0,晴一時曇,快晴
2015/11/4,18.1,6.8,0,快晴,快晴
2015/11/5,19.1,6.6,0,快晴,晴
2015/11/6,20.8,7.8,0,晴,晴
2015/11/7,13.3,9.4,0,曇,曇一時雨
2015/11/8,12.8,10.1,11.5,雨後一時霧雨,雨一時霧雨、霧を伴う
2015/11/9,18.6,11.6,9,曇,雨後一時曇
2015/11/10,19.9,11.5,4,晴,晴
2015/11/11,15.7,7.8,0,晴一時曇,晴時々薄曇
2015/11/12,13.3,4.8,0,晴,晴時々曇
2015/11/13,14.3,5.6,0,晴時々曇,曇後一時雨
2015/11/14,14,8.9,40.5,大雨,雨
2015/11/15,19.4,13.3,7,雨後曇一時晴,晴
2015/11/16,18.8,12,0,晴後一時曇,曇
2015/11/17,19.1,13.1,0,曇一時晴,曇
2015/11/18,16,9.2,10,曇時々雨,雨後一時曇
2015/11/19,15.2,7.5,5.5,晴一時曇,曇一時晴
2015/11/20,11.5,7.4,0,曇後一時雨,晴時々曇
2015/11/21,16,6.3,0,晴時々曇,曇
2015/11/22,12.6,6.5,0,曇後一時晴,曇後一時雨
2015/11/23,9.7,6.9,9,雨,雨後一時曇
2015/11/24,17.8,6.5,2,曇時々雨後一時晴,曇
2015/11/25,6.9,1.5,8.5,曇後一時雨,雨時々みぞれ
2015/11/26,8.9,1.8,23.5,雨,曇一時雨後晴、霧を伴う
2015/11/27,12,4.9,0.5,晴後一時雨,雨後時々晴
2015/11/28,11.3,3.9,0,晴,晴一時曇
2015/11/29,9.3,0.8,0,曇時々晴一時雨,曇後晴
2015/11/30,10.2,1.6,0,曇時々晴,曇後一時晴
2015/12/1,11,2.5,0,晴一時曇,晴
2015/12/2,10.2,0.3,0,晴後曇,曇時々雨一時霧
2015/12/3,13.7,6.7,0,曇一時雨,晴後一時雨
2015/12/4,8,3.9,11,雨,雨後一時曇
2015/12/5,10,3.2,5,晴時々雨,雨後時々晴
2015/12/6,8.1,3.8,0,晴後曇,曇後晴
2015/12/7,10.3,2.9,0,晴一時曇,晴時々曇
2015/12/8,9.3,1.7,0,晴,快晴
2015/12/9,10.5,0.2,0,快晴,晴後一時薄曇
2015/12/10,9,1.7,0,曇,曇後雨
2015/12/11,11.4,5.2,24.5,雨,曇一時雨後晴
2015/12/12,11.9,3.9,0,快晴,快晴
2015/12/13,9.6,2.3,0,曇一時晴後時々雨,晴一時曇
2015/12/14,9.9,4.4,0,曇,曇
2015/12/15,13.3,6.9,0,曇一時晴,曇一時雨後晴
2015/12/16,14,8,0,曇一時晴,晴一時雨
2015/12/17,8.9,2.7,0,晴,曇時々晴後一時みぞれ
2015/12/18,8.8,1.2,0,晴時々曇,曇時々晴一時雨
2015/12/19,6.5,2.9,0,晴,曇一時晴
2015/12/20,9.9,3.7,0,晴,曇一時晴
2015/12/21,9.5,2.6,0,曇後一時雨,晴一時雨
2015/12/22,10.3,4.5,0,晴,晴一時曇
2015/12/23,9.1,1.2,0,曇,雨時々曇
2015/12/24,12.4,5.4,0,晴一時雨,曇一時晴
2015/12/25,10.8,1.2,0,曇一時晴,晴
2015/12/26,8.4,-0.5,3.5,晴後一時雨,雨後一時雪
2015/12/27,5.3,-0.7,1,雪後晴,晴
2015/12/28,6.4,-1,0,晴,晴後一時曇
2015/12/29,5.3,-0.3,0,晴一時雪,快晴
2015/12/30,6.7,-0.7,0,晴一時雪,晴後曇
2015/12/31,6,-1.1,0,晴,晴一時曇
2016/1/1,6.1,-1.5,0,晴一時雪、みぞれを伴う,晴後一時曇
2016/1/2,10.4,-0.1,0,晴時々曇一時雨,曇時々晴一時雨
2016/1/3,12.5,5.9,0,曇一時雨,曇
2016/1/4,12.7,4.4,0,曇時々雨,晴
2016/1/5,8,2.1,0,晴時々曇,晴一時曇
2016/1/6,8.7,0,0,曇,曇一時雨後晴
2016/1/7,6.3,1.4,0,晴時々曇一時雨,晴後時々曇
2016/1/8,7.7,0.7,0,晴時々曇,曇時々晴
2016/1/9,6.8,-0.1,0,晴一時曇,晴時々曇
2016/1/10,8.7,-0.5,0,晴,晴
2016/1/11,4.1,-1,0,曇後一時雪,晴一時雪
2016/1/12,3.9,-2.7,0,曇一時雪,晴後一時曇
2016/1/13,7.6,-2.5,0,晴,曇時々晴一時雨
2016/1/14,5.1,-0.7,0,晴時々曇,曇時々晴一時雪
2016/1/15,4.9,-1.8,0,晴一時曇,晴後一時雪
2016/1/16,3.9,-2.7,0.5,曇時々雪,晴
2016/1/17,5.3,-3.4,0,晴時々曇,曇後一時雪
2016/1/18,4.1,-1.2,53.5,大雪時々みぞれ一時雨,雨一時曇
2016/1/19,5.3,-0.2,0.5,曇時々雨一時晴,晴
2016/1/20,5.5,-2.3,0,晴後一時雪,雪時々晴一時曇
2016/1/21,5.1,-1.6,0,晴一時雪,晴
2016/1/22,5.2,-1.6,0,晴時々雪,晴一時雪
2016/1/23,3.9,-1.8,0.5,曇,雪一時曇
2016/1/24,2.3,-2.6,3.5,晴時々雪一時曇,曇時々雪一時晴
2016/1/25,2.1,-3.6,1.5,晴時々雪,晴
2016/1/26,7.1,-2.7,0,晴後一時曇,晴
2016/1/27,9.1,-0.3,0,晴,晴後一時曇
2016/1/28,8.8,-0.1,0,晴一時曇,晴
2016/1/29,2.4,-1.4,2.5,雪一時曇,雪一時曇
2016/1/30,1.6,-2.1,5,曇時々雪,曇一時晴
2016/1/31,5.9,-1.6,0,晴一時曇,晴
2016/2/1,4.4,-2,0,曇一時晴,晴一時曇
2016/2/2,4.8,-2.6,0,晴一時雪,晴一時曇
2016/2/3,4.7,-2,0,晴一時曇,晴
2016/2/4,6.7,-2.5,0,晴後曇,曇後一時雪
2016/2/5,7.6,0.9,0,晴時々曇,晴後時々曇
2016/2/6,4.3,-0.2,0,曇一時みぞれ,晴
2016/2/7,3.4,-2.3,0,晴一時雪,晴
2016/2/8,5.9,-3.9,0,晴,曇時々晴
2016/2/9,9.4,-0.5,0,曇一時晴,雪時々曇一時晴
2016/2/10,4.2,-0.1,0,晴時々雪,晴後一時曇
2016/2/11,6.7,-1,0,晴一時雪,快晴
2016/2/12,8.6,-2.5,0,晴一時薄曇,曇後一時雨
2016/2/13,15.7,3.8,0,曇一時晴,曇時々雨
2016/2/14,20.9,7,0.5,曇一時雨,曇一時雨
2016/2/15,9.6,-1.4,0,曇後晴,晴
2016/2/16,6.7,-2.9,0,晴時々曇,晴時々曇一時雪
2016/2/17,5.7,-1.4,0,雪時々曇一時晴,晴一時雪
2016/2/18,10.8,-2.1,0,晴,快晴
2016/2/19,12.3,0,0,晴,晴後薄曇
2016/2/20,8.7,4.5,17,曇後時々雨,雨後薄曇
2016/2/21,11.4,2.1,0,雨時々晴一時曇、大風を伴う,曇後晴
2016/2/22,6.5,1.1,0,曇後晴,薄曇一時晴
2016/2/23,10,0.1,0,晴一時曇,曇時々雨一時みぞれ
2016/2/24,4.8,-1.6,0,曇一時雪,晴時々曇
2016/2/25,5.5,-3,0,晴,晴
2016/2/26,6.6,-1.2,0,晴一時曇,曇時々晴一時雪
2016/2/27,7,-0.7,0,晴後一時曇,雨後晴
2016/2/28,8,0.2,0,晴後曇,曇一時雨
2016/2/29,12.7,1.8,0,曇後時々雨,曇後時々雪
2016/3/1,3.1,-1.6,3,雪後曇,曇後晴
2016/3/2,6.9,-1.9,0,晴一時雪,晴後時々曇
2016/3/3,11.1,0.6,0,晴一時雨,快晴
2016/3/4,9.5,1,0,曇時々晴,晴
2016/3/5,9.6,0.2,0,曇時々晴,曇時々雨
2016/3/6,13.2,5.9,0,曇,曇
2016/3/7,15.6,8.2,3,曇後一時雨,雨時々霧雨一時曇
2016/3/8,16.6,7.1,0.5,霧雨一時曇後晴、霧を伴う,晴一時曇
2016/3/9,7.5,3.5,0,曇,曇
2016/3/10,6.9,1.3,0,曇一時晴,晴時々薄曇
2016/3/11,7.6,-0.2,0,晴後時々曇,晴一時曇
2016/3/12,7.7,-1.5,0,晴後時々曇,晴時々曇
2016/3/13,7.8,0.5,0,曇,曇後雨
2016/3/14,7.6,3.9,0.5,雨,曇一時雨後晴
2016/3/15,9.1,3,0,晴,晴一時曇
2016/3/16,12.8,2.1,0,薄曇一時晴,薄曇後時々晴
2016/3/17,17.6,4.3,0,快晴,晴後時々薄曇
2016/3/18,16.9,5,0,曇,曇後一時雨
2016/3/19,18,9.7,1,曇一時雨,曇
2016/3/20,12.3,4.7,0,曇,曇時々晴
2016/3/21,11.1,3.3,0,晴一時曇,晴
2016/3/22,14.8,2.6,0,晴,晴後一時雨
2016/3/23,11.4,4.2,0,晴,曇後晴
2016/3/24,10.1,2.3,0,晴一時曇,晴
2016/3/25,9.5,0.5,0,晴一時雪,晴一時曇
2016/3/26,11.9,0.2,0,晴一時曇,快晴
2016/3/27,12.3,0.3,0,晴,晴後曇
2016/3/28,16.3,4.6,0,晴,快晴
2016/3/29,14.2,2.9,0,晴時々薄曇,曇
2016/3/30,16.6,6.5,0.5,晴時々曇,晴一時雨
2016/3/31,17.7,5.6,0,晴,快晴
2016/4/1,13,5.4,0,晴後一時薄曇,曇
2016/4/2,8.8,6.1,1,霧雨,曇一時霧雨
2016/4/3,19.3,8.5,0,薄曇一時晴,曇後一時雨
2016/4/4,13,6.7,26,雨後時々曇,晴時々曇
2016/4/5,14.1,5,0,快晴,快晴
2016/4/6,19,5.8,0,快晴,曇
2016/4/7,11.3,7.7,66,大雨、霧を伴う,曇一時雨
2016/4/8,16.3,9.9,0,曇,快晴
2016/4/9,23.2,7.3,0,薄曇時々晴,晴一時薄曇
2016/4/10,14.3,8.2,0,薄曇,曇後時々雨
2016/4/11,9.6,2.9,0.5,晴後一時みぞれ,快晴
2016/4/12,13.5,2.2,0,快晴,薄曇
2016/4/13,18.2,5.5,0.5,薄曇,曇後雨、霧を伴う
2016/4/14,19.3,11.4,15,曇後一時晴,晴一時雨
2016/4/15,14.1,9.3,1,晴、大風を伴う,快晴
2016/4/16,15,5.5,0,薄曇一時晴,曇一時晴
2016/4/17,19.3,9,6.5,雨時々曇一時晴、雷を伴う,晴後一時薄曇
2016/4/18,20.6,10.8,0,曇,曇後一時晴
2016/4/19,17.8,8.6,0,晴後一時曇,晴一時曇
2016/4/20,17.2,5.5,0,薄曇時々晴,晴一時曇
2016/4/21,17.5,7.6,7.5,曇後一時雨,雨後一時曇、霧を伴う
2016/4/22,17.9,11.7,0.5,曇,曇
2016/4/23,16.5,10.8,0,曇一時晴,曇
2016/4/24,22,10.3,0,薄曇一時晴,晴
2016/4/25,18.7,8.2,0,晴,晴一時曇
2016/4/26,21.3,9.3,0,晴後薄曇,晴時々薄曇
2016/4/27,16.3,9.4,0,晴時々曇,曇後雨
2016/4/28,13.1,8.3,55.5,大雨,雨後曇
2016/4/29,15.5,8.2,0,曇時々雨一時晴,晴一時雨
2016/4/30,17.9,6.5,0,晴時々曇,雨一時曇
2016/5/1,12.4,9.6,9.5,雨,曇後一時雨
2016/5/2,12.5,9.1,0.5,曇一時雨,曇一時晴
2016/5/3,20.6,9.6,0,晴後薄曇,曇後雨
2016/5/4,20.3,13.8,6,雨後曇,晴
2016/5/5,20.7,13.6,0,曇一時晴,晴後一時薄曇
2016/5/6,22.3,10.3,0,曇,曇
2016/5/7,25,14,0,曇一時雨後晴,晴一時薄曇
2016/5/8,23.3,13,0,快晴,晴後一時薄曇
2016/5/9,21,10.4,0,薄曇,晴後雨一時曇
2016/5/10,16.1,13.5,27,雨,雨
2016/5/11,18,13.1,5,雨時々霧雨後一時曇,晴一時曇
2016/5/12,22.7,13.7,0,晴,晴後一時薄曇
2016/5/13,23.1,11.5,0,薄曇後一時晴,曇
2016/5/14,19,11.9,0,晴後曇,晴一時薄曇
2016/5/15,18.6,10.1,0,晴後薄曇,曇一時晴
2016/5/16,18.5,10.9,0,曇一時晴,曇後雨
2016/5/17,18,11.9,25.5,雨後一時曇,薄曇後晴
2016/5/18,26.3,10.4,0,快晴,晴
2016/5/19,22.9,11.8,0,晴後一時薄曇,薄曇
2016/5/20,20.3,12.4,0,薄曇,薄曇
2016/5/21,19.8,12.8,0,雨時々曇,曇後一時晴
2016/5/22,27,15.3,0,晴一時霧,晴後一時薄曇
2016/5/23,31.7,14.5,0,薄曇後晴,薄曇時々晴
2016/5/24,27,16,0,薄曇一時晴,曇
2016/5/25,22.8,17.4,0,曇時々雨,曇一時雨
2016/5/26,26,18.6,0,曇,曇時々晴後雨
2016/5/27,24,15.7,14,雨後曇,薄曇
2016/5/28,25.2,14.5,0,晴時々薄曇,快晴
2016/5/29,24.1,14.4,0,薄曇一時晴,曇一時雨
2016/5/30,24.9,17.1,0,曇後時々晴,曇
2016/5/31,23.2,17.9,0,曇一時晴,曇一時雨後晴、雷を伴う
2016/6/1,21.1,14.2,0,晴,晴一時曇
2016/6/2,19.7,12.6,0,晴一時曇,快晴
2016/6/3,23,10.9,0,晴一時薄曇,晴時々曇
2016/6/4,27.3,12.9,0,薄曇時々晴,曇
2016/6/5,26.7,15,0,薄曇時々晴,曇
2016/6/6,21.5,14.9,0,薄曇,薄曇
2016/6/7,21.8,15.1,0,曇,曇
2016/6/8,24,17.6,0,曇,曇一時晴
2016/6/9,23.1,18.2,3,曇後雨,晴時々雨
2016/6/10,29.8,17.1,0,快晴,快晴
2016/6/11,28.3,16.4,0,晴後薄曇,曇
2016/6/12,25,18.8,0,曇一時晴,曇後一時雨
2016/6/13,20.4,16.7,28,雨,雨後一時曇
2016/6/14,20.6,16.9,1,曇,曇
2016/6/15,20,16.6,2,曇時々雨,雨
2016/6/16,21.1,17.2,11.5,雨一時霧雨後時々曇、霧を伴う,雨
2016/6/17,26.7,18.2,4,晴時々曇一時雨,晴
2016/6/18,30.1,17.5,0,晴,曇時々晴
2016/6/19,23.3,19.1,0,曇,雨時々曇
2016/6/20,25.1,18.8,4,曇後時々晴,晴後薄曇
2016/6/21,26.2,18.6,0,曇,曇後時々雨
2016/6/22,23.1,18.1,8.5,曇一時雨,雨
2016/6/23,18.4,17.1,56,大雨,雨後曇
2016/6/24,22.4,17.4,8.5,曇一時雨,雨後一時霧
2016/6/25,26.1,19,14,曇、霧を伴う,雨時々曇一時晴
2016/6/26,23.8,18.6,0,晴後一時曇,晴
2016/6/27,26.5,15.2,0,晴後時々薄曇,曇後雨
2016/6/28,20.6,17.8,14.5,雨,曇一時雨
2016/6/29,26.3,16.8,0,晴時々薄曇,曇後時々雨
2016/6/30,21.3,19.6,2.5,雨後一時曇,曇一時霧雨
2016/7/1,28.5,19.2,0,晴,薄曇
2016/7/2,25.8,21,0,曇時々雨,曇一時雨
2016/7/3,27.1,22.6,2.5,曇時々雨,曇一時晴
2016/7/4,29,18.9,0,曇,曇
2016/7/5,20.3,17.4,0,曇一時霧雨,曇時々雨
2016/7/6,21.5,17.4,20,雨,雨時々曇
2016/7/7,23.7,18,0.5,曇,曇時々霧雨
2016/7/8,25.1,17.8,0.5,曇,雨時々曇
2016/7/9,25.2,21,15.5,雨時々曇,晴時々曇
2016/7/10,30.2,20.4,0,晴後時々曇,晴
2016/7/11,31.2,20.5,0,晴一時薄曇,曇
2016/7/12,27.5,19,0,晴一時薄曇,曇時々晴
2016/7/13,25.2,21.2,3.5,曇後雨,雨後時々曇
2016/7/14,26.6,21.5,4.5,曇時々雨,曇後時々雨
2016/7/15,24.8,19.4,0,曇後一時晴,曇時々晴
2016/7/16,24.8,18.9,0,曇後一時晴,曇時々雨
2016/7/17,25.4,21.3,2,曇時々雨一時晴,曇
2016/7/18,30.2,22.2,0,曇時々晴,晴一時曇
2016/7/19,29.2,20.7,0,晴一時曇,晴一時曇
2016/7/20,26.2,19.7,2.5,曇一時晴,雨一時曇
2016/7/21,23.6,19.1,3.5,曇一時雨,曇
2016/7/22,24.5,18.8,0,晴,曇
2016/7/23,22.5,18.5,0,曇,曇時々雨
2016/7/24,24.3,18.3,0,曇一時霧雨,曇時々雨一時霧雨
2016/7/25,27.6,20,1,曇時々晴,曇時々晴後一時雨
2016/7/26,26,22.2,0,曇一時雨,曇後一時雨
2016/7/27,27.2,22.7,0,曇,曇
2016/7/28,29.3,22.9,0,曇,曇一時晴
2016/7/29,31.1,23.6,0,晴,晴一時曇
2016/7/30,31.1,22.4,0,晴後一時曇,曇時々晴
2016/7/31,31,23.7,0,晴時々曇,曇時々雨一時晴
2016/8/1,30.5,24.1,11.5,曇時々晴一時雨,曇一時晴
2016/8/2,29.9,24.1,0.5,曇一時晴、雷を伴う,曇時々雨
2016/8/3,30.2,24,0,曇後一時雨、雷を伴う,晴時々曇
2016/8/4,32.4,23.4,0,晴,晴
2016/8/5,33.5,23,0,快晴,快晴
2016/8/6,33.4,24.1,0,快晴,晴後一時曇
2016/8/7,31.3,23.8,0,晴,晴一時曇
2016/8/8,29.8,24.1,8,曇後一時雨,雨時々曇
2016/8/9,34.5,23.2,7,晴一時薄曇,快晴
2016/8/10,30.5,21.8,0,曇,曇後一時晴
2016/8/11,29.3,21.4,0,晴,晴
2016/8/12,28.9,20.3,0,快晴,晴
2016/8/13,27.7,19.2,0,快晴,晴後一時雨
2016/8/14,28.6,20.1,0,晴一時曇,曇時々晴
2016/8/15,28.3,21.2,0,曇一時晴,曇時々雨
2016/8/16,30.8,24.2,6,晴時々曇,雨時々曇
2016/8/17,33,24.9,66,大雨後晴一時曇,曇一時雨
2016/8/18,28.4,24.1,1,曇一時雨,曇後一時雨
2016/8/19,30.6,24.4,0.5,晴時々曇,雨一時曇
2016/8/20,28.7,24.1,6,曇後時々雨,曇時々雨
2016/8/21,35.3,23.3,0.5,晴,晴後曇
2016/8/22,30.6,23.7,50.5,曇時々雨一時晴,大雨後時々晴
2016/8/23,31.5,22.6,1,曇時々晴後一時雨,曇後一時霧
2016/8/24,28.9,21.5,0,曇後一時晴,曇時々晴
2016/8/25,29.4,23,0,曇後晴,曇一時晴
2016/8/26,30.2,22.5,8,曇一時雨、雷を伴う,雨一時曇
2016/8/27,22.7,19.3,2.5,雨時々曇,雨時々曇
2016/8/28,23.8,19.5,2,曇後一時雨,雨
2016/8/29,27,20.5,7,雨時々曇,雨時々曇
2016/8/30,27.7,22.1,48.5,大雨,曇時々晴一時雨
2016/8/31,29,21,0,晴時々曇,曇時々晴
2016/9/1,29.9,22.3,0,晴,晴
2016/9/2,28.9,21.9,0,曇時々晴,曇時々雨後一時晴
2016/9/3,28.8,22.6,0,晴,曇一時晴
2016/9/4,28.9,23,0,曇,曇
2016/9/5,30.2,24.3,0,曇時々晴,曇
2016/9/6,33,24.9,0,晴時々曇,曇後一時雨
2016/9/7,29.5,22.5,0.5,曇一時雨,晴時々曇
2016/9/8,25,22,131,大雨一時曇,大雨時々曇
2016/9/9,30.3,21.3,1.5,晴一時曇,快晴
2016/9/10,29.8,19.3,0,晴,薄曇
2016/9/11,22.4,20.2,0,曇一時雨,曇一時雨
2016/9/12,22,19.5,2,曇一時雨,大雨一時曇
2016/9/13,20.6,18.6,69,雨,雨後一時曇
2016/9/14,26,18.5,5,曇一時雨,曇一時雨
2016/9/15,28.1,20.5,0,晴時々曇,曇
2016/9/16,24.8,21.1,0,曇後一時雨,曇
2016/9/17,26,19.7,2.5,曇後一時雨,雨
2016/9/18,19.9,18.7,12,雨,曇一時雨
2016/9/19,21,18.1,2,雨一時曇,雨一時曇
2016/9/20,18.2,15.4,35,雨,雨後曇
2016/9/21,23.1,15.1,0,曇一時晴,曇時々雨
2016/9/22,21.7,17,23.5,雨時々曇,雨後一時曇
2016/9/23,23.4,17.3,4,曇時々雨,雨時々曇一時晴、霧を伴う
2016/9/24,25.3,17.7,1.5,曇一時霧,曇一時雨
2016/9/25,26.1,19.5,0,薄曇,曇
2016/9/26,24.6,20.7,0.5,雨後時々曇,雨一時曇
2016/9/27,25.2,19.7,5.5,曇,曇後一時雨
2016/9/28,25.1,21.2,1.5,雨時々曇、霧を伴う,雨時々曇
2016/9/29,22.6,15.9,17,雨後曇一時晴,曇後晴
2016/9/30,22.3,12.4,0,曇一時晴,曇一時雨
2016/10/1,25,16.4,0,晴一時曇,曇時々晴
2016/10/2,25.7,17,0,晴,晴後曇
2016/10/3,24.2,18.3,0,曇,曇時々晴一時雨
2016/10/4,28.1,16.4,0,晴一時曇,晴時々薄曇
2016/10/5,20.2,13.5,0,曇後一時雨,曇時々雨一時晴
2016/10/6,25,17.9,1,晴,晴後一時曇
2016/10/7,21.4,13.9,0,晴一時薄曇,曇後一時雨
2016/10/8,20.6,12.4,6.5,雨時々曇,曇後一時雨
2016/10/9,20.6,11.6,3,曇一時雨,晴後一時曇
2016/10/10,18.3,11,0,曇,晴時々薄曇
2016/10/11,17.5,10.1,0,曇時々晴,晴時々曇
2016/10/12,21.3,9.9,0,晴時々曇,晴後一時薄曇
2016/10/13,17.1,8.2,0,晴時々曇,晴後一時薄曇
2016/10/14,19.5,7.9,0,晴,晴後一時曇
2016/10/15,21.6,10.9,0,晴一時曇,快晴
2016/10/16,22.1,10.5,0,晴,曇後一時雨
2016/10/17,21.7,15.1,3.5,曇一時雨,薄曇
2016/10/18,24.3,14.8,0,曇時々晴,晴一時薄曇
2016/10/19,21.6,12.2,0,晴後一時薄曇,曇後晴
2016/10/20,25.1,12.2,0,晴,快晴
2016/10/21,17.7,8.8,0,晴後一時薄曇,快晴
2016/10/22,16.8,6.3,0,曇,曇後一時晴
2016/10/23,17.7,9.1,0,晴,晴時々薄曇
2016/10/24,17.1,7.2,0,晴,快晴
2016/10/25,18,7.2,3,晴後一時雨,雨後晴
2016/10/26,25.5,12.8,0,晴後一時曇,晴時々曇
2016/10/27,18.4,8.7,0,快晴,晴後一時曇
2016/10/28,14.4,8.4,8.5,曇後時々雨,雨後一時晴
2016/10/29,15,8.2,1,晴時々曇,曇
2016/10/30,15.5,6.2,0,晴時々薄曇,晴
2016/10/31,15.6,4.7,0,曇,曇
2016/11/1,12.8,6.2,3,曇後雨,晴時々曇
2016/11/2,11.7,4.2,0,晴一時曇,曇一時雨
2016/11/3,16.8,7.5,0,晴一時曇,雨時々晴一時曇
2016/11/4,13.3,6.5,0,晴時々曇一時雨,曇
2016/11/5,20.7,8.7,0,快晴,曇時々晴
2016/11/6,17.1,5.6,0,晴,快晴
2016/11/7,11.3,3,0,快晴,晴
2016/11/8,13.5,3.4,0,曇後一時雨,晴時々曇一時雨
2016/11/9,10.8,3.5,0,雨時々晴,晴一時雨
2016/11/10,9,3.4,0,薄曇,曇後一時雨
2016/11/11,7.9,3,21.5,雨,雨後晴
2016/11/12,17.1,6.2,0,晴,快晴
2016/11/13,18.8,4.8,0,快晴,晴時々薄曇
2016/11/14,15.6,7.9,0,曇一時晴,曇時々晴一時雨
2016/11/15,21.2,9.8,0,晴一時曇,晴
2016/11/16,12.5,4.9,0,晴,晴後一時曇
2016/11/17,11,4.1,0,曇後一時晴,快晴
2016/11/18,12.8,2.6,0,快晴,薄曇一時晴
2016/11/19,9.7,5.4,7.5,雨時々曇,曇時々晴
2016/11/20,15,6.5,0,曇後時々晴,晴
2016/11/21,13.1,6.5,0,曇後一時晴,曇
2016/11/22,19.2,8.2,0,晴,曇時々雨後一時晴
2016/11/23,8.2,2.8,0,曇時々雨,曇一時みぞれ
2016/11/24,4.2,-0.3,0,曇,晴
2016/11/25,7.7,-1.6,0,曇,晴
2016/11/26,10,1.1,0,晴後時々曇,曇
2016/11/27,11.3,6.8,3.5,曇後雨,雨後時々曇
2016/11/28,10.6,7.3,0.5,晴時々雨,曇後一時晴
2016/11/29,8.3,2.7,0,晴時々曇,曇時々晴
2016/11/30,8.6,2.5,0,晴後曇,曇後時々雨
2016/12/1,15,6.8,4,雨後曇一時晴,曇時々雨一時晴
2016/12/2,11.2,5.8,0,晴,晴後一時雨
2016/12/3,14,6.2,0,晴,晴後一時曇
2016/12/4,15,4.5,0,晴後薄曇,曇一時晴
2016/12/5,16.2,6.9,0,曇後時々晴,晴時々曇
2016/12/6,12.5,3.2,1.5,雨後晴,晴後一時曇
2016/12/7,7.9,1.5,0.5,晴後一時曇,曇時々みぞれ
2016/12/8,8.8,0.3,0.5,晴,晴後曇
2016/12/9,13,2.4,0,晴時々曇,晴後時々雨
2016/12/10,7.2,-0.6,0,雪時々晴一時曇、みぞれを伴う,晴一時雪
2016/12/11,4,-0.7,1,雪一時晴,雪後晴
2016/12/12,6.1,-1.6,0,晴時々曇,曇時々晴
2016/12/13,10.9,0,2,曇時々晴,雨一時曇
2016/12/14,6.1,0.7,20.5,曇一時雨、みぞれを伴う,晴後一時雪
2016/12/15,5.8,-0.6,0,晴時々曇一時雪,晴
2016/12/16,5.7,-1.8,0,晴後時々雪,雪一時晴後時々曇
2016/12/17,6.4,-0.1,0.5,曇時々雪一時みぞれ,晴一時曇
2016/12/18,12.5,1,0,晴,曇時々雨一時晴
2016/12/19,14.3,5.3,0,晴時々薄曇,曇時々晴
2016/12/20,14.5,5.5,0,晴後時々曇,曇時々晴
2016/12/21,13.3,4.2,0,晴,晴時々曇
2016/12/22,17.9,5.1,0,曇後一時雨,曇後時々雨
2016/12/23,16.5,4.2,0.5,晴,雨後時々晴
2016/12/24,7,-0.1,0,晴一時曇,晴
2016/12/25,7.3,-0.8,0,曇時々晴,快晴
2016/12/26,6.4,-0.8,0,曇,曇後時々雨
2016/12/27,8.5,3.3,0.5,曇時々雨,曇時々みぞれ一時雪
2016/12/28,4.3,0,0,晴,晴一時曇
2016/12/29,10.2,-1.9,0,曇後晴,晴
2016/12/30,4.3,0.3,0,晴一時雪,晴
2016/12/31,8,-0.1,0,晴時々曇一時雨,晴後一時曇
2017/1/1,9.3,0.2,0,晴時々曇後一時雨,曇時々晴
2017/1/2,10.3,3.3,0,曇後一時晴,晴
2017/1/3,8.4,2.1,0,曇時々晴,晴後一時雨
2017/1/4,6.1,1.3,2.5,雨後時々晴,晴時々雪一時雨、みぞれを伴う
2017/1/5,5.6,0.2,0,雪後晴,晴一時雪
2017/1/6,5.6,-1.3,0,晴,晴時々曇
2017/1/7,9.2,0.1,0,晴,晴時々曇
2017/1/8,6.8,1,2,晴後曇,雨一時曇
2017/1/9,8.2,1.6,6.5,雨時々曇,晴一時雨
2017/1/10,9.8,1.4,0,晴後一時雨,雪時々曇一時みぞれ
2017/1/11,3.1,-1.4,0.5,雪時々晴,雪一時曇
2017/1/12,0.7,-1.7,2,雪後一時曇,雪後時々曇
2017/1/13,2.3,-1.8,0,曇時々晴一時雪,曇一時雪
2017/1/14,-0.1,-4.2,0,曇一時雪,雪時々曇後一時晴
2017/1/15,0.7,-5.2,0.5,晴時々雪,雪後一時曇
2017/1/16,4.5,-2.7,0.5,晴時々曇一時雪,曇時々晴
2017/1/17,5.7,-1.3,0,晴,晴時々曇一時雪
2017/1/18,7.1,-0.8,0,晴,晴
2017/1/19,7.6,0.4,0,晴後一時曇,曇
2017/1/20,5.2,0.3,2,曇後時々雨一時みぞれ,雪一時みぞれ
2017/1/21,6.8,0.3,0,晴一時曇,晴
2017/1/22,9.4,-0.9,0,晴時々曇後一時雨,晴時々曇一時雨
2017/1/23,3.2,-1.9,0,雪後晴,晴時々雪一時曇
2017/1/24,-0.9,-4.7,1.5,雪後一時晴,晴
2017/1/25,4.4,-5.5,0,晴,晴時々曇
2017/1/26,8.1,-1.7,0,晴,晴後曇
2017/1/27,12.6,-0.4,0,曇後一時雨,晴一時雪
2017/1/28,7.8,2,0,晴一時曇,晴
2017/1/29,7.6,-0.5,0,曇時々晴,曇後一時雨
2017/1/30,12.3,0.6,0,晴時々雨,雪時々晴
2017/1/31,4.9,-1.5,0,晴,晴一時曇
2017/2/1,9.8,-1.3,0,晴時々曇一時雨,雪
2017/2/2,2,-3.7,2.5,雪,雪一時晴
2017/2/3,5.9,-2.4,0,雪後晴,晴一時曇
2017/2/4,9.1,3,0,晴時々みぞれ一時雪,曇一時晴
2017/2/5,7.9,2.7,0.5,曇後一時雨,雨一時曇
2017/2/6,11,3.1,3,晴一時曇後雨,曇一時雪
2017/2/7,3.4,-1.8,0,雪後一時晴,雪時々薄曇一時晴
2017/2/8,5,-1.8,0,雪後晴,曇
2017/2/9,2.4,0.4,2,雪時々曇一時みぞれ,雪
2017/2/10,6,0.4,2,雪後曇,曇後晴
2017/2/11,6.7,-2.1,0,晴,晴時々雪
2017/2/12,6.9,0.6,0,薄曇一時雪,晴
2017/2/13,8.2,1.8,0,晴,晴
2017/2/14,8.2,-1.4,0,晴時々曇,晴
2017/2/15,8.2,-0.1,0,晴,晴一時曇
2017/2/16,12.7,-0.1,0,晴,晴
2017/2/17,17.2,2.8,0,曇後雨,晴一時雨
2017/2/18,6.2,-0.4,0,晴,晴一時雪
2017/2/19,5,-1,0,晴,曇一時晴
2017/2/20,6.8,-0.8,1.5,雨時々曇一時あられ,雨一時雪
2017/2/21,3.7,-1,0.5,雪一時晴,晴一時雪
2017/2/22,6.7,-2.6,0,薄曇,曇時々雨、あられを伴う
2017/2/23,9.5,1.5,3,雨,雨時々曇一時雪
2017/2/24,5.7,1.2,0,曇後晴,晴一時曇
2017/2/25,7.9,0,0,晴,晴
2017/2/26,10,1.2,0,晴後曇,晴一時曇
2017/2/27,6.8,-0.2,0,晴一時曇,晴一時曇
2017/2/28,6.2,-2.5,0,晴,曇後時々晴
2017/3/1,8,-1.1,0,晴後薄曇,曇
2017/3/2,6.9,2.7,0,曇後一時雨,曇一時雨
2017/3/3,9.9,2.4,0,晴,晴一時曇
2017/3/4,13.5,0.7,0,晴後一時雨,晴
2017/3/5,10.9,0.7,0,晴後一時薄曇,薄曇後一時晴
2017/3/6,10.3,1.8,0,薄曇,晴一時雨
2017/3/7,6.5,0.5,0,曇時々晴一時雪,晴時々曇
2017/3/8,6.3,-0.7,0,晴時々曇一時雪,晴後一時雪
2017/3/9,8.7,0.5,0,曇時々晴一時雨,晴時々曇一時雨
2017/3/10,8.9,-0.2,0,曇時々雪一時晴、みぞれを伴う,みぞれ時々曇一時晴
2017/3/11,8,0.8,0,晴時々雪一時みぞれ,曇一時晴
2017/3/12,9.7,2.6,0,曇後晴,曇一時晴
2017/3/13,7.8,2,0,曇,曇時々雨
2017/3/14,7,1.8,41,雨後一時みぞれ,みぞれ時々雪
2017/3/15,5.5,0.8,8,みぞれ後曇,曇
2017/3/16,9.5,-0.2,0,晴一時雨,晴
2017/3/17,10.8,0.4,1.5,晴後一時みぞれ,雨時々晴
2017/3/18,12.4,2.5,0,晴後一時曇,晴時々曇一時雨
2017/3/19,12.6,3.6,0,晴後一時薄曇,晴
2017/3/20,14.3,5.3,0,晴,曇
2017/3/21,7.4,4.2,11.5,雨時々曇,雨時々晴一時曇
2017/3/22,11.2,2.2,0.5,晴,晴一時雨
2017/3/23,9.6,1.9,0,晴一時雨,晴時々曇
2017/3/24,7.7,0.1,0,晴後一時雪,晴後一時雪
2017/3/25,10.1,0.1,0,晴一時雪,曇一時晴
2017/3/26,9.5,2,0.5,曇一時晴,雨後一時みぞれ
2017/3/27,6.6,1.6,13,雨時々曇一時みぞれ,雨時々晴一時曇
2017/3/28,10.8,2.1,1.5,曇時々晴,薄曇後晴
2017/3/29,11.2,2.1,0,晴一時雨,快晴
2017/3/30,15.5,2.3,0,晴時々曇,晴時々薄曇一時雨
2017/3/31,9.9,3.9,0,曇,雨時々曇、みぞれを伴う
2017/4/1,6.1,3.3,0,雨,雨時々曇
2017/4/2,11.2,2.4,0.5,晴一時雨、あられを伴う,晴一時曇
2017/4/3,12.8,1.4,0,晴時々曇一時雨,雨時々曇後晴
2017/4/4,15,4.2,0,晴,快晴
2017/4/5,17,4,0,晴,曇
2017/4/6,19.1,8.3,0,薄曇一時晴,雨時々曇
2017/4/7,21.5,11.3,0,曇時々晴,曇時々晴
2017/4/8,15.2,9.8,0,曇後一時晴,薄曇一時晴
2017/4/9,14.3,7.6,0,曇時々雨一時晴,晴
2017/4/10,15.9,4.3,0,薄曇時々晴,晴後時々曇
2017/4/11,12.9,4.7,36.5,曇後雨,雨後曇一時晴
2017/4/12,13,5.6,2.5,雨一時曇後晴,晴一時薄曇
2017/4/13,11.9,3.2,0,晴時々雨一時曇,快晴
2017/4/14,20.9,2.5,0,晴後一時薄曇,曇
2017/4/15,20,10.9,0,曇時々雨一時晴,晴一時曇
2017/4/16,25.5,9.8,0,晴時々薄曇,晴一時薄曇
2017/4/17,18.6,9.3,19.5,薄曇一時晴,大雨一時曇、霧を伴う
2017/4/18,21.4,9.4,40.5,晴時々曇一時雨,晴
2017/4/19,19,7.9,0,晴時々曇後一時雨,晴時々雨
2017/4/20,14.6,8.3,0,曇一時晴,曇
2017/4/21,14.7,9.2,0,曇,晴時々曇一時雨
2017/4/22,17.3,7.9,0,晴時々曇一時雨,晴
2017/4/23,14.9,5.5,0,晴,晴一時曇
2017/4/24,14.1,5.7,0,晴一時曇,晴
2017/4/25,18.4,7.3,0,薄曇後一時晴,曇一時晴
2017/4/26,20,11.3,1,雨時々曇,雨時々曇
2017/4/27,17.2,9.7,0.5,薄曇一時晴,晴時々薄曇
2017/4/28,18.5,6.9,0,晴,晴
2017/4/29,20.1,6.8,0,晴後曇一時雨,快晴
2017/4/30,21.2,8.2,0,快晴,晴後薄曇
2017/5/1,19.8,11.8,0,曇後一時晴,晴一時曇
2017/5/2,21.2,8.4,0,晴,快晴
2017/5/3,20.5,7.2,0,薄曇一時晴,薄曇時々晴
2017/5/4,19.6,10.8,0,薄曇,晴
2017/5/5,23.4,10.9,0,晴,晴後一時曇
2017/5/6,19.2,13.4,0,曇,曇一時雨
2017/5/7,23.3,11.9,0,薄曇後晴,快晴
2017/5/8,25,11.6,0,晴,快晴
2017/5/9,18.1,8.9,0,曇,曇
2017/5/10,17,12.3,0,曇時々雨,曇一時雨
2017/5/11,23.1,14.3,0,雨時々曇後一時晴,晴一時薄曇
2017/5/12,22.8,11.8,0,薄曇時々晴,曇後雨
2017/5/13,13.9,12.3,72.5,大雨,大雨
2017/5/14,14,11.7,27,雨,雨
2017/5/15,15.1,11.7,13.5,雨後一時霧雨,曇時々霧一時雨
2017/5/16,20.1,11.9,0,晴,薄曇
2017/5/17,20,10,0,晴一時薄曇,晴
2017/5/18,22.8,10.9,0,晴,快晴
2017/5/19,23.5,12.3,0,快晴,快晴
2017/5/20,26.9,12.7,0,快晴,快晴
2017/5/21,27.5,17,0,晴,晴後薄曇
2017/5/22,29.6,18,0,薄曇時々晴,晴後曇
2017/5/23,21.8,16.4,0,曇,曇
2017/5/24,23.1,17.3,3.5,曇後雨,雨
2017/5/25,18.2,15.8,17,雨後時々霧雨,曇一時霧雨
2017/5/26,18.6,14.2,0,曇,雨時々霧雨、霧を伴う
2017/5/27,19.9,14.2,3.5,雨後曇,曇後一時晴
2017/5/28,22.4,13.9,0,晴一時曇,快晴
2017/5/29,24.1,12,0,快晴,晴
2017/5/30,27.3,15.9,0,薄曇時々晴,薄曇
2017/5/31,28.6,19.4,0,薄曇,曇
2017/6/1,20.3,16.4,11,雨一時曇,雨時々霧雨一時曇、霧を伴う
2017/6/2,20.4,15.1,26.5,曇時々雨、雷を伴う,晴一時曇
2017/6/3,21.8,14.1,0,曇,晴
2017/6/4,18.8,13,0,曇時々晴,晴時々曇
2017/6/5,22.4,11.6,0,曇時々晴一時雨,快晴
2017/6/6,19.8,11.1,0,晴後一時薄曇,曇
2017/6/7,21.8,13.6,0,曇,雨時々曇
2017/6/8,22.4,16,6.5,曇時々雨,晴後一時薄曇
2017/6/9,24.7,14.4,0,薄曇時々晴,曇時々晴
2017/6/10,25,15,0.5,曇時々雨一時晴、雷を伴う,晴
2017/6/11,22.7,13.2,0,晴,晴
2017/6/12,18.9,12.4,0.5,曇時々晴一時雨,晴
2017/6/13,21,10.5,0,曇時々晴,晴
2017/6/14,23,13.2,0,曇時々晴一時雨,曇
2017/6/15,20.2,16.3,1,曇後一時雨,曇時々雨、雷を伴う
2017/6/16,23.8,15.5,1.5,曇時々雨一時晴、雷を伴う,快晴
2017/6/17,23.8,13.6,0,晴一時曇,曇一時晴
2017/6/18,20.4,15.8,0,曇,晴時々曇
2017/6/19,24.6,15.7,0,曇,晴時々曇
2017/6/20,22,14.8,0,晴時々薄曇,曇
2017/6/21,22.5,17.4,31.5,雨一時曇,曇時々晴一時雨
2017/6/22,25.6,18.4,0,薄曇時々晴,薄曇後晴
2017/6/23,26.4,16.6,0,晴,晴後一時曇
2017/6/24,26,17.2,0,薄曇,曇
2017/6/25,24.4,18.5,1,曇後一時雨,雨後曇
2017/6/26,27.5,17.7,0.5,晴時々曇,曇
2017/6/27,21.3,16.4,0,曇,曇
2017/6/28,25.9,17.6,0,曇後晴,晴後一時霧
2017/6/29,24.1,16.3,0,薄曇、霧を伴う,曇時々霧
2017/6/30,25.9,18.7,0,曇後一時雨,曇時々雨
2017/7/1,29.4,21,3,曇,曇後雨、雷を伴う
2017/7/2,31.9,21.4,10.5,曇,雨時々曇
2017/7/3,28.6,22.4,19,雨後一時曇,曇一時雨
2017/7/4,25.1,20.6,1.5,雨一時曇,曇時々霧一時雨
2017/7/5,28.3,20.4,0.5,晴時々曇一時雨,晴
2017/7/6,29.2,19.6,0,晴,快晴
2017/7/7,30.6,20.4,0,快晴,快晴
2017/7/8,32.4,21.3,0,快晴,快晴
2017/7/9,33,22.2,0,晴後薄曇,晴一時曇
2017/7/10,30.9,22.8,0,晴,曇一時晴
2017/7/11,30.3,22.5,0,薄曇,薄曇
2017/7/12,33,25.2,0,曇,曇後一時雨
2017/7/13,29.7,23.2,10,曇時々雨,曇時々晴
2017/7/14,31.7,24.2,0,晴一時曇,晴時々曇、雷を伴う
2017/7/15,32.7,23.5,0,晴後一時雨、雷を伴う,曇時々晴
2017/7/16,31.2,23.9,3.5,曇時々雨,曇一時雨
2017/7/17,32.6,23.1,0,曇時々晴,曇後雨
2017/7/18,25.9,20.6,19.5,雨時々曇、雷を伴う,曇時々晴、雷を伴う
2017/7/19,26.9,20.3,0,晴,曇
2017/7/20,29.3,22,0,曇後晴,曇一時晴
2017/7/21,31.8,22.8,0,晴一時曇,薄曇一時晴
2017/7/22,31.3,24.2,1,曇後一時雨、雷を伴う,曇後雨
2017/7/23,27.5,23.2,4.5,雨時々曇,雨時々曇
2017/7/24,24.2,21.9,42.5,雨後一時曇,曇
2017/7/25,27,22.4,8.5,曇後雨,曇時々雨一時晴、霧を伴う
2017/7/26,29.4,21.1,0,晴,晴
2017/7/27,27.5,19.1,0,曇,曇後一時霧雨
2017/7/28,27.9,21.9,25,曇,雨時々曇
2017/7/29,23.7,21.8,32.5,大雨,曇時々雨
2017/7/30,27.3,22,0.5,曇一時雨,曇後一時雨
2017/7/31,29.4,22.9,0,曇後晴,曇後時々雨
2017/8/1,25,21.2,0.5,曇時々雨,曇
2017/8/2,25.9,20.2,0,曇後晴,曇一時晴
2017/8/3,23.2,20,2,曇,雨時々霧雨
2017/8/4,23.1,20.3,7,曇時々霧雨一時雨,霧雨
2017/8/5,26.7,21.1,3.5,曇一時霧雨,霧雨一時曇、霧を伴う
2017/8/6,29.7,23.5,1.5,曇時々霧雨一時晴、霧を伴う,曇時々雨、霧を伴う
2017/8/7,27.1,24.2,5,曇一時雨、霧を伴う,曇後一時雨
2017/8/8,25.5,24.1,37,大雨,雨時々曇
2017/8/9,25.3,21.3,2,雨後曇,曇一時晴
2017/8/10,24.2,19.7,0,曇,霧雨時々曇
2017/8/11,20.5,18.8,8.5,雨一時曇,雨
2017/8/12,23.2,19.2,11.5,雨時々霧雨,雨後一時曇
2017/8/13,26.4,20.9,2.5,曇一時雨,雨時々霧雨一時曇
2017/8/14,22.9,20.5,4.5,雨時々曇,雨一時曇
2017/8/15,21.6,19.8,22.5,雨,曇一時雨
2017/8/16,21.8,19.2,12,雨時々曇,雨一時霧雨
2017/8/17,26.1,20.8,3,曇一時雨,曇時々雨
2017/8/18,23.8,21,14.5,雨時々曇、雷を伴う,霧雨一時雨、霧を伴う
2017/8/19,22.2,20.1,1.5,雨時々曇、雷を伴う,霧雨時々雨一時曇
2017/8/20,23,19.9,1.5,霧雨後時々曇、霧を伴う,曇時々霧雨
2017/8/21,24.5,20.5,3,雨後曇,曇後一時霧
2017/8/22,30.4,21.9,0,曇時々雨,曇時々雨
2017/8/23,32.6,23.7,0,曇一時晴,曇後晴
2017/8/24,30.9,23,14,雨時々曇一時晴,晴後曇一時雨
2017/8/25,31.9,23.4,2.5,薄曇時々晴一時雨,薄曇後時々雨
2017/8/26,31.7,20.4,21.5,晴一時雨,晴一時薄曇
2017/8/27,28,18.2,0,晴,晴後一時曇
2017/8/28,26.8,18.8,0,曇,曇
2017/8/29,30.9,22.3,0,曇,曇後雨
2017/8/30,23.9,19.4,25,雨時々曇,雨一時曇
2017/8/31,22.8,17,12.5,曇時々雨一時晴,曇後一時晴
2017/9/1,26.4,17.9,0,晴,雨時々曇一時晴
2017/9/2,22.8,16.7,2.5,曇時々雨一時晴,晴
2017/9/3,27.8,15.3,0,晴,快晴
2017/9/4,27.2,16.2,0,晴時々薄曇,晴一時曇
2017/9/5,25.7,16.8,0,晴時々曇,曇
2017/9/6,22.8,20,3,雨一時曇,曇一時雨
2017/9/7,22.2,18.7,20,雨一時曇,雨
2017/9/8,28.9,18.6,2.5,晴一時曇,快晴
2017/9/9,28.7,16.7,0,快晴,薄曇時々晴
2017/9/10,28.9,18.8,0,晴,晴後薄曇
2017/9/11,25.1,18.7,5.5,薄曇後一時雨,雨
2017/9/12,28.2,20.6,15.5,曇時々雨一時晴,晴時々曇一時雨
2017/9/13,29.7,20.2,0,晴,晴
2017/9/14,27.5,17.6,0,晴時々薄曇,晴一時薄曇
2017/9/15,24.4,16.7,0,晴一時曇,晴時々曇
2017/9/16,21,16.4,0,曇後一時雨,曇
2017/9/17,21.6,17.9,43,曇後雨,暴風雨後一時曇
2017/9/18,29.6,19.3,6.5,晴一時雨、大風を伴う,晴
2017/9/19,27.9,17.4,0,晴,薄曇一時晴
2017/9/20,27.6,18.4,1.5,曇後一時雨,晴時々曇一時雨
2017/9/21,26.3,16.7,0,晴一時曇,快晴
2017/9/22,23.9,14.7,0.5,晴時々曇,雨一時曇
2017/9/23,21.7,17.6,7.5,曇一時雨,晴時々曇
2017/9/24,26.4,16,0,晴時々薄曇,晴時々曇
2017/9/25,26,17.2,0,晴,快晴
2017/9/26,26.8,15.3,0,快晴,曇時々晴
2017/9/27,26.4,17.6,0,曇時々晴,雨一時曇
2017/9/28,22.4,12.5,27.5,雨時々曇,晴一時曇
2017/9/29,21.6,10.7,0,晴後時々曇,薄曇時々晴
2017/9/30,25.4,13.8,0,晴一時曇,快晴
2017/10/1,23.2,12,0,晴後薄曇,晴時々薄曇
2017/10/2,23.8,14.9,0,曇後一時雨,曇時々雨一時晴
2017/10/3,26.8,15.3,0,曇一時晴,曇
2017/10/4,19,11.9,0,晴時々曇一時雨,薄曇一時晴
2017/10/5,19.4,10.2,0,晴一時曇,薄曇一時晴
2017/10/6,18.5,11.4,1.5,曇,雨時々曇
2017/10/7,19.2,15.8,13,雨後時々曇,霧時々曇一時霧雨
2017/10/8,23,14.9,0,薄曇時々晴一時霧,曇一時晴
2017/10/9,22.6,15.9,0,曇一時晴,曇時々晴
2017/10/10,23.3,16.6,3.5,曇一時雨,雨時々曇
2017/10/11,17.5,14.4,4.5,曇時々霧雨一時雨,曇一時霧雨
2017/10/12,21.6,13.9,0.5,曇一時晴,雨時々曇
2017/10/13,16.2,12,9.5,曇時々雨一時晴,曇一時晴
2017/10/14,16.2,11.7,0,曇一時雨,曇一時晴
2017/10/15,16.5,11.2,0,曇,薄曇
2017/10/16,12.7,8.6,0,曇後一時雨,曇
2017/10/17,19.2,10.9,0,晴一時曇,晴
2017/10/18,15.6,10.3,0,曇一時晴,曇
2017/10/19,12.6,9,4.5,雨後時々曇,雨時々曇
2017/10/20,14.1,10.1,44.5,雨,雨
2017/10/21,16.9,13.9,5,雨時々曇,雨
2017/10/22,17.8,14.3,83.5,大雨,大雨
2017/10/23,15.5,10.5,132.5,暴風雨時々曇,薄曇時々晴
2017/10/24,17.2,9.2,0,晴,薄曇時々晴
2017/10/25,14.7,9,0,曇,晴一時薄曇
2017/10/26,20.4,7.4,0,晴,快晴
2017/10/27,18.5,9.6,0,晴,曇一時晴
2017/10/28,16.7,11.5,0,曇,曇後雨